Departamento;Municipio;Semester;count;min;max;mean;std,
ANTIOQUIA;COCORNÁ;2023-S1;47128;0.0;8.8;0.03646027839076557;0.2554077132718415,
CASANARE;TÁMARA;2023-S1;53610;0.0;9.0;0.08014922589069202;0.34654515450370654,
NORTE DE SANTANDER;CONVENCIÓN;2023-S1;42516;0.0;5.4;0.009236522720858032;0.11315276132593638,
BOLIVAR;CARTAGENA DE INDIAS;2023-S1;16926;0.0;23.2;0.007562330142975304;0.2762432107339734,
QUINDÍO;ARMENIA;2023-S1;24188;0.0;16.081;0.03851149330246403;0.34317770894733074,
RISARALDA;PEREIRA;2023-S1;97430;0.0;12.7;0.02029867597249307;0.18732274863405696,
BOLIVAR;ACHÍ;2023-S1;25365;0.0;20.9;0.03943623102700571;0.5228074476048333,
MAGDALENA;ARACATACA;2023-S1;35336;0.0;5.2;0.0032771111614217797;0.07027418265560292,
META;LEJANÍAS;2023-S1;53087;0.0;9.7;0.03922805960027879;0.3038996556035067,
CALDAS;ANSERMA;2023-S1;51871;0.0;11.6;0.021836864529313105;0.20294892585011146,
NARIÑO;TANGUA;2023-S1;50862;0.0;11.9;0.023424167354803196;0.17470169656517587,
SANTANDER;LEBRIJA;2023-S1;24786;0.0;3.11;0.00012547405793593156;0.019754096288637127,
CALDAS;SUPIA;2023-S1;39395;0.0;9.3;0.020233532174133775;0.1870307484770068,
ANTIOQUIA;RIONEGRO;2023-S1;35102;0.0;12.375;0.022319896302205003;0.20734322960342985,
BOLIVAR;MAGANGUÉ;2023-S1;58033;0.0;22.7;0.031957679251460376;0.3351005492941466,
CALDAS;PENSILVANIA;2023-S1;34588;0.0;8.6;0.041913380363131726;0.2665825270855001,
NORTE DE SANTANDER;GRAMALOTE;2023-S1;40497;0.0;15.2;0.019633553102698965;0.23387229536968815,
LA GUAJIRA;MAICAO;2023-S1;24947;0.0;14.3;0.012117689501743694;0.23730045459494387,
CALDAS;MANZANARES;2023-S1;54847;0.0;12.4;0.031972578263168454;0.2531756114152205,
BOYACÁ;CHISCAS;2023-S1;70374;0.0;28.1;0.007570977917981072;0.314257165184726,
VALLE DEL CAUCA;DAGUA;2023-S1;41289;0.0;5.1;0.008658480466952457;0.08451546953662699,
CALDAS;MANIZALES;2023-S1;156970;0.0;14.6;0.021914378543670766;0.18740799022532567,
TOLIMA;IBAGUÉ;2023-S1;56958;0.0;14.1;0.01802556269531936;0.18569480265801197,
TOLIMA;LÍBANO;2023-S1;52919;0.0;10.0;0.023125909408718986;0.22684039565730285,
CESAR;VALLEDUPAR;2023-S1;52480;0.0;14.1;0.014204839939024392;0.26340383737968837,
ANTIOQUIA;VALDIVIA;2023-S1;34805;0.0;0.1;2.2985203275391468e-05;0.0015159347065864567,
ANTIOQUIA;SONSÓN;2023-S1;46750;0.0;6.1;0.016817112299465243;0.14098646072154042,
CAUCA;BALBOA;2023-S1;45888;0.0;8.6;0.025274581589958163;0.1879986328688444,
ATLÁNTICO;SUAN;2023-S1;25043;0.0;7.0;0.00486762768038973;0.10204690416049149,
VALLE DEL CAUCA;JAMUNDÍ;2023-S1;46213;0.0;8.2;0.03221604310475407;0.23450587449437535,
NORTE DE SANTANDER;CHINÁCOTA;2023-S1;45592;0.0;7.2;0.01765002632040709;0.15463328342922267,
BOLÍVAR;CARTAGENA DE INDIAS;2023-S1;25081;0.0;0.4;6.778039153143815e-05;0.0037350700847579945,
QUINDÍO;MONTENEGRO;2023-S1;45415;0.0;9.0;0.022312011449961467;0.21244379332759777,
NARIÑO;ALDANA;2023-S1;20700;0.0;10.675;0.02493550724637681;0.19904658795405708,
NORTE DE SANTANDER;CUCUTILLA;2023-S1;44335;0.0;3.8;0.01034397203112665;0.09133233045940456,
NARIÑO;SANDONÁ;2023-S1;14046;0.0;4.1;0.009810622241207462;0.08816312926852164,
MAGDALENA;SANTA MARTA;2023-S1;80280;0.0;4.4;0.023507722969606376;0.15756386275672066,
NARIÑO;CONSACÁ;2023-S1;47424;0.0;7.1;0.014686656545209177;0.12760915816039595,
HUILA;LA PLATA;2023-S1;47151;0.0;6.5;0.016949799580072533;0.15955357392350256,
QUINDÍO;BUENAVISTA;2023-S1;47462;0.0;8.1;0.026979478319497704;0.2389357676184668,
HUILA;NEIVA;2023-S1;41661;0.0;20.5;0.014605986414152325;0.3045243040919607,
TOLIMA;ROVIRA;2023-S1;42309;0.0;7.5;0.0213949750644071;0.18595969342062849,
CUNDINAMARCA;LA CALERA;2023-S1;31156;0.0;6.2;0.014331107972782128;0.12271878105213795,
MAGDALENA;EL BANCO;2023-S1;33154;0.0;15.4;0.02343005368884599;0.2888177016307507,
ANTIOQUIA;CONCORDIA;2023-S1;41513;0.0;8.6;0.01861103750632332;0.1541424777917673,
BOYACÁ;PAUNA;2023-S1;46257;0.0;7.7;0.0163758998638044;0.15856616976514654,
LA GUAJIRA;URUMITA;2023-S1;6514;0.0;1.4;0.0007982806263432607;0.025502320112968723,
VALLE DEL CAUCA;ARGELIA;2023-S1;47357;0.0;8.6;0.010524315307135166;0.12260327344077877,
VALLE DEL CAUCA;CAICEDONIA;2023-S1;21950;0.0;7.3;0.017107061503416857;0.18746376306697637,
RISARALDA;LA CELIA;2023-S1;30883;0.0;4.3;0.007593174238254056;0.07587526547514133,
RISARALDA;GUÁTICA;2023-S1;47656;0.0;6.9;0.016262380392815176;0.1424500939873428,
CASANARE;YOPAL;2023-S1;61455;0.0;23.95;0.04784053372386299;0.42639299065351344,
HUILA;OPORAPA;2023-S1;40853;0.0;4.1;0.014204587178420188;0.09953960871744434,
SANTANDER;SOCORRO;2023-S1;57449;0.0;12.4;0.014823582655920904;0.17043406074166526,
CALDAS;SALAMINA;2023-S1;55094;0.0;7.7;0.019660943115402767;0.1605222668433607,
SUCRE;SAN MARCOS;2023-S1;26960;0.0;0.0;0.0;0.0,
SAN ANDRÉS PROVIDENCIA;SAN ANDRÉS;2023-S1;32655;0.0;12.8;0.007732353391517378;0.20695460140472155,
ANTIOQUIA;VENECIA;2023-S1;54753;0.0;7.8;0.021797892352930434;0.20526094101480305,
CALDAS;BELALCAZAR;2023-S1;92785;0.0;6.7;0.018362881931346664;0.16547969254458925,
TOLIMA;PLANADAS;2023-S1;46264;0.0;8.0;0.023932215113263013;0.1818067018434533,
TOLIMA;ATACO;2023-S1;56167;0.0;16.1;0.03433866861324265;0.3234587951663281,
LA GUAJIRA;RIOHACHA;2023-S1;31887;0.0;8.91;0.004332800200708753;0.12151758669609625,
ATLÁNTICO;SOLEDAD;2023-S1;36468;0.0;23.36;0.03670862125699243;0.4746205108042039,
CESAR;PAILITAS;2023-S1;9883;0.0;9.8;0.013902661135282806;0.22631248766353174,
HUILA;TELLO;2023-S1;35414;0.0;5.9;0.01943864008584176;0.15962590399294296,
HUILA;GIGANTE;2023-S1;46366;0.0;6.6;0.016898158133114783;0.1616886446099708,
BOGOTA D.C.;BOGOTA, D.C;2023-S1;21499;0.0;5.33;0.04508767849667426;0.1636218348333092
CÓRDOBA;MONTERÍA;2023-S1;25129;0.0;4.8;0.0009311950336264874;0.050379888444408154,
CESAR;PUEBLO BELLO;2023-S1;40973;0.0;10.0;0.01327703609694189;0.2017047145376634,
CUNDINAMARCA;GUAYABETAL;2023-S1;238396;0.0;6.5;0.059659977516401286;0.23473281554747433,
BOLIVAR;SAN JACINTO DEL CAUCA;2023-S1;25286;0.0;21.8;0.0464525824566954;0.551357531383532,
ATLANTICO;JUAN DE ACOSTA;2023-S1;24508;0.0;11.5;0.012387791741472174;0.17691690304602364,
CESAR;AGUSTÍN CODAZZI;2023-S1;23971;0.0;19.6;0.029589921154728634;0.3976811105697666,
CALDAS;CHINCHINA;2023-S1;45614;0.0;8.0;0.029142368571052752;0.23650339883452678,
SANTANDER;CONFINES;2023-S1;42650;0.0;9.3;0.01918171160609613;0.1971887013543847,
TOLIMA;DOLORES;2023-S1;46576;0.0;7.1;0.019458519409137752;0.18444006419683862,
HUILA;SAN AGUSTÍN;2023-S1;68395;0.0;26.95;0.016291980407924556;0.23709309827806668,
CHOCO;EL CARMEN;2023-S1;26089;0.0;2.4;0.002089003028096133;0.04075723999163829,
QUINDÍO;PIJAO;2023-S1;53454;0.0;10.2;0.022623190032551355;0.19740955062331325,
BOYACÁ;SOGAMOSO;2023-S1;61980;0.0;12.4;0.019753146176185867;0.20413078034490634,
NORTE DE SANTANDER;DURANIA;2023-S1;6291;0.0;13.0;0.02282625973613098;0.34443154917497526,
CUNDINAMARCA;EL COLEGIO;2023-S1;47263;0.0;6.4;0.019947950828343525;0.1825019178595332,
BOYACÁ;MONIQUIRÁ;2023-S1;50169;0.0;9.1;0.020803683549602346;0.18798936540275457,
ANTIOQUIA;MEDELLÍN;2023-S1;20425;0.0;9.249;0.02684230110159119;0.2146416765385467,
BOYACÁ;PÁEZ;2023-S1;12155;0.0;17.35;0.12227289181406828;0.9771413629547797,
MAGDALENA;PLATO;2023-S1;24938;0.0;13.6;0.014548079236506537;0.24394022935870735,
SANTANDER;BARRANCABERMEJA;2023-S1;34721;0.0;19.42;0.026935975346332196;0.367159318275252,
CAQUETA;SOLANO;2023-S1;20359;0.0;16.7;0.04742865563141608;0.5102506992779925,
NORTE DE SANTANDER;CÚCUTA;2023-S1;43187;0.0;17.39;0.018381457383008774;0.26423321684375384,
CASANARE;TAURAMENA;2023-S1;9232;0.0;24.01;0.29495331455805895;2.1339811655381298,
CASANARE;AGUAZUL;2023-S1;16407;0.0;14.8;0.004613884317669287;0.19242334053338764,
BOYACÁ;CAMPOHERMOSO;2023-S1;14706;0.0;12.0;0.052039983680130554;0.3450612155369545,
CUNDINAMARCA;CÁQUEZA;2023-S1;25009;0.0;0.0;0.0;0.0,
NARIÑO;PASTO;2023-S1;60850;0.0;11.3;0.02030073952341824;0.15484699549591632,
BOYACÁ;PUERTO BOYACÁ;2023-S1;1079;0.0;6.389;0.04278405931417979;0.30195777187874784,
LA GUAJIRA;ALBANIA;2023-S1;10664;0.0;1.2;0.009414853713428357;0.039449875348674536,
TOLIMA;CUNDAY;2023-S1;10681;0.0;0.0;0.0;0.0,
CAUCA;GUAPI;2023-S1;34777;0.0;26.5;0.09348132386347298;0.6762244518798596,
CAQUETA;FLORENCIA;2023-S1;33478;0.0;19.8;0.012796463349065059;0.30919620626075633,
CHOCO;UNGUÍA;2023-S1;10631;0.0;0.0;0.0;0.0,
CUNDINAMARCA;MOSQUERA;2023-S1;10681;0.0;8.3;0.022207658458945793;0.19758664325563077,
CUNDINAMARCA;MEDINA;2023-S1;10536;0.0;16.6;0.047665148063781325;0.4781969142651953,
META;VILLAVICENCIO;2023-S1;30693;0.0;15.8;0.05823477665917311;0.4575036938402495,
CUNDINAMARCA;NARIÑO;2023-S1;5149;0.0;4.3;0.025771994562050888;0.11641669550936787,
CUNDINAMARCA;SILVANIA;2023-S1;21349;0.0;9.4;0.03448405077521195;0.3089821456951967,
BOYACÁ;SANTA MARÍA;2023-S1;10371;0.0;2.5;0.0068074438337672365;0.06647147173061789,
SANTANDER;TONA;2023-S1;18634;0.0;9.6;0.019555650960609638;0.1875440048599791,
ATLANTICO;REPELÓN;2023-S1;10646;0.0;1.7;0.001418373097877137;0.030075187706281488,
BOYACÁ;AQUITANIA;2023-S1;87731;0.0;29.1;0.012973749301843135;0.13846415706610968,
SANTANDER;BUCARAMANGA;2023-S1;12520;0.0;1.9;0.0035862619808306713;0.04288964995675843,
BOYACÁ;VENTAQUEMADA;2023-S1;10681;0.0;0.9;0.004128826888868084;0.031187362294249014,
QUINDÍO;CALARCÁ;2023-S1;26370;0.0;1.6;0.0006636329161926432;0.018141477811512013,
CUNDINAMARCA;PUERTO SALGAR;2023-S1;20362;0.0;17.4;0.014664571260190553;0.28560585900018987,
MAGDALENA;CIÉNAGA;2023-S1;10681;0.0;4.7;0.005111880910027151;0.10240593166921777,
VALLE DEL CAUCA;BUGA;2023-S1;21355;0.0;8.8;0.0025708265043315384;0.08837794583787965,
BOYACÁ;EL ESPINO;2023-S1;16965;0.0;10.6;0.040536398467432955;0.28438629891568484,
TOLIMA;VILLAHERMOSA;2023-S1;5770;0.0;0.0;0.0;0.0,
NORTE DE SANTANDER;OCAÑA;2023-S1;14220;0.0;8.2;0.0027848101265822785;0.09310187903025306,
CUNDINAMARCA;VILLETA;2023-S1;25222;0.0;12.4;0.013032273412100547;0.21983502251687007,
ANTIOQUIA;PUERTO NARE;2023-S1;6125;0.0;5.2;0.009795918367346938;0.121101684725808,
CALDAS;VILLAMARIA;2023-S1;27278;0.0;10.0;0.02041938558545348;0.1647676591505681,
CAUCA;PATÍA (EL BORDO);2023-S1;16793;0.0;9.2;0.015661287441195736;0.2082020347353098,
CUNDINAMARCA;PASCA;2023-S1;10678;0.0;5.9;0.021146282075295002;0.15425201622491055,
VALLE DEL CAUCA;CARTAGO;2023-S1;515;0.0;0.2;0.0025242718446601945;0.0180098571476424,
SANTANDER;PUENTE NACIONAL;2023-S1;25117;0.0;14.6;0.04319783413624238;0.38946809082566425,
CHOCO;QUIBDÓ;2023-S1;26571;0.0;9.5;0.19066275262504234;0.4960390124567288,
HUILA;ALGECIRAS;2023-S1;10310;0.0;0.6;0.0029291949563530558;0.026190794893507195,
HUILA;PALESTINA;2023-S1;10680;0.0;11.2;0.03357677902621723;0.2329853576795755,
VALLE DEL CAUCA;CALI;2023-S1;6075;0.0;0.3;0.0009382716049382717;0.010460675155264111,
TOLIMA;CAJAMARCA;2023-S1;10539;0.0;7.4;0.028778821520068318;0.18797130515400076,
CUNDINAMARCA;ZIPAQUIRÁ;2023-S1;21327;0.0;13.2;0.017986589768837623;0.17511941025459404,
NARIÑO;TUMACO;2023-S1;18996;0.0;11.0;0.035681196041271845;0.34779153466296153,
TOLIMA;NATAGAIMA;2023-S1;10666;0.0;26.0;0.042565160322520154;0.5649187418770217,
CORDOBA;MONTELÍBANO;2023-S1;18634;0.0;13.0;0.003520446495653107;0.16332709434511014,
CUNDINAMARCA;GIRARDOT;2023-S1;24910;0.0;7.4;0.009987956643918104;0.12194559979830655,
BOYACÁ;VILLA DE LEIVA;2023-S1;18987;0.0;7.8;0.007520935376836783;0.11365387234145856,
VALLE DEL CAUCA;BUGALAGRANDE;2023-S1;10683;0.0;6.8;0.01890854628849574;0.19883589167683463,
TOLIMA;VALLE DE SAN JUAN;2023-S1;28224;0.0;18.8;0.023154053287981858;0.3105132562515096,
BOYACÁ;GUAYATÁ;2023-S1;10662;0.0;2.8;0.013899831176139563;0.11123040030892625,
PUTUMAYO;MOCOA;2023-S1;30907;0.0;8.7;0.05231500954476333;0.2995165252084426,
HUILA;COLOMBIA;2023-S1;10678;0.0;9.6;0.024030717362802025;0.2550737768392677,
TOLIMA;FRESNO;2023-S1;10252;0.0;0.0;0.0;0.0,
HUILA;TESALIA;2023-S1;8723;0.0;17.4;0.030379456608964805;0.34623626473876246,
CASANARE;MANI;2023-S1;10676;0.0;1.8;0.012008242787560883;0.09256204616940186,
SUCRE;MORROA;2023-S1;10682;0.0;19.7;0.010475566373338326;0.29143723160988216,
META;RESTREPO;2023-S1;10683;0.0;15.7;0.08393709632125806;0.6161773737025851,
ARAUCA;TAME;2023-S1;10535;0.0;3.8;0.003872804935927859;0.07170519935172116,
META;EL CALVARIO;2023-S1;10673;0.0;2.6;0.014222805209406915;0.09455816242040381,
TOLIMA;SALDAÑA;2023-S1;15438;0.0;15.1;0.0516582458867729;0.5122577636142375,
NARIÑO;CONTADERO;2023-S1;10452;0.0;11.3;0.03592613853807884;0.2658180612700064,
BOYACÁ;PAIPA;2023-S1;31449;0.0;6.5;0.013469426690832778;0.12983639770729086,
BOGOTA;BOGOTA, D.C;2023-S1;65377;0.0;16.0;0.01725071508328617;0.1770743019865536
BOYACÁ;TUTA;2023-S1;10537;0.0;7.8;0.018658062067001994;0.1945859418896853,
ANTIOQUIA;BELLO;2023-S1;3472;0.0;3.3;0.00794930875576037;0.08280692117028862,
NARIÑO;TÚQUERRES;2023-S1;10682;0.0;3.5;0.022692379704175248;0.11490354379203199,
CUNDINAMARCA;CABRERA;2023-S1;12363;0.0;6.0;0.021475370055811696;0.1697443973484095,
CORDOBA;MONTERÍA;2023-S1;2672;0.0;1.1;0.0012724550898203595;0.028144101917493707,
CAUCA;INZÁ;2023-S1;4591;0.0;0.1;2.178174689610107e-05;0.0014758640484848551,
CUNDINAMARCA;GUADUAS;2023-S1;16953;0.0;12.3;0.03583436559900902;0.2775521479619365,
BOLIVAR;EL CARMÉN DE BOLÍVAR;2023-S1;20929;0.0;18.1;0.0053323140140474935;0.17699886640247584,
MAGDALENA;ZONA BANANERA;2023-S1;10663;0.0;2.8;0.0007408796773891026;0.0319211462952936,
NORTE DE SANTANDER;MUTISCUA;2023-S1;10561;0.0;3.8;0.009923302717545686;0.07755743099032031,
BOYACÁ;TIBASOSA;2023-S1;14399;0.0;14.6;0.020376415028821444;0.23179388243269694,
ANTIOQUIA;SANTA BÁRBARA;2023-S1;10540;0.0;0.3;4.743833017077799e-05;0.0032303517295643467,
HUILA;SANTA MARÍA;2023-S1;30224;0.0;11.4;0.030664372683959766;0.28503001415618345,
ANTIOQUIA;ANGOSTURA;2023-S1;18991;0.0;9.2;0.010994681691327472;0.18120541767443996,
CAQUETA;MORELIA;2023-S1;10681;0.0;0.8;0.011571950191929595;0.05896239752375093,
CUNDINAMARCA;UNE;2023-S1;10164;0.0;5.8;0.01065525383707202;0.1035035361445937,
CASANARE;PAZ DE ARIPORO;2023-S1;10661;0.0;3.0;0.0017259168933495919;0.040434139265233496,
NORTE DE SANTANDER;CHITAGÁ;2023-S1;10684;0.0;1.6;0.006813927368026957;0.05553172893429366,
NORTE DE SANTANDER;HERRÁN;2023-S1;10457;0.0;0.1;1.912594434350196e-05;0.001382899676760483,
BOYACÁ;PESCA;2023-S1;13347;0.0;0.2;4.4953922229714546e-05;0.0029982390011883357,
LA GUAJIRA;URIBIA;2023-S1;35967;0.0;10.0;0.0006811799705285401;0.05600594157901047,
BOYACÁ;CHINAVITA;2023-S1;10663;0.0;1.2;0.006264653474631904;0.03616060948185589,
BOYACÁ;LA CAPILLA;2023-S1;10521;0.0;1.1;0.002975002376199981;0.02801561627534797,
BOYACÁ;BOAVITA;2023-S1;8900;0.0;7.0;0.017235955056179777;0.21457091888928112,
CUNDINAMARCA;GUASCA;2023-S1;17937;0.0;5.0;0.007816245749010424;0.09382238874784492,
BOYACÁ;ZETAQUIRÁ;2023-S1;10535;0.0;1.0;0.004252491694352159;0.0333405149134879,
META;GRANADA;2023-S1;10630;0.0;0.0;0.0;0.0,
BOLIVAR;ARJONA;2023-S1;10663;0.0;0.0;0.0;0.0,
CAUCA;CORINTO;2023-S1;10646;0.0;12.2;0.047482622581251174;0.3686502533932816,
CORDOBA;SAHAGÚN;2023-S1;10683;0.0;0.0;0.0;0.0,
NARIÑO;PUERRES;2023-S1;18982;0.0;4.4;0.044457907491307555;0.17070529198247075,
CUNDINAMARCA;BOJACÁ;2023-S1;10655;0.0;8.2;0.020422336931018303;0.17823048722979132,
ANTIOQUIA;SANTA FE DE ANTIOQUIA;2023-S1;20962;0.0;8.8;0.011496994561587634;0.16585450095312707,
HUILA;SALADOBLANCO;2023-S1;10669;0.0;0.0;0.0;0.0,
NARIÑO;TAMINANGO;2023-S1;10399;0.0;8.5;0.022934897586306374;0.23921636405775565,
CAUCA;POPAYÁN;2023-S1;29526;0.0;12.8;0.024375127006705955;0.23289855052800315,
CASANARE;MONTERREY;2023-S1;914;0.0;3.0;0.010065645514223193;0.13624359691846274,
ATLANTICO;BARRANQUILLA;2023-S1;10681;0.0;3.7;0.0006834566051867803;0.04133200142092083,
MAGDALENA;PIVIJAI;2023-S1;10681;0.0;0.0;0.0;0.0,
CUNDINAMARCA;NEMOCÓN;2023-S1;10670;0.0;1.3;0.001274601686972821;0.026624139855478315,
SANTANDER;LOS SANTOS;2023-S1;10419;0.0;10.8;0.02318840579710145;0.2935666639349129,
BOLIVAR;EL GUAMO;2023-S1;10422;0.0;0.33;5.9489541354826336e-05;0.0034573236322959435,
CUNDINAMARCA;QUEBRADANEGRA;2023-S1;10465;0.0;22.7;0.0473100812231247;0.4818838441544944,
META;PUERTO LÓPEZ;2023-S1;17267;0.0;7.3;0.006694851450744194;0.13852202494261384,
SANTANDER;ONZAGA;2023-S1;10670;0.0;10.4;0.02999062792877226;0.3095146604924878,
BOYACÁ;MONGUA;2023-S1;10676;0.0;15.0;0.023810415886099664;0.26646921906710824,
NARIÑO;CUMBITARA;2023-S1;10237;0.0;0.0;0.0;0.0,
BOYACÁ;SIACHOQUE;2023-S1;10676;0.0;0.8;0.0025665043087298614;0.02606005994435907,
ANTIOQUIA;SANTA ROSA DE OSOS;2023-S1;10624;0.0;2.6;0.028830948795180725;0.15848973048887263,
BOYACÁ;CHITA;2023-S1;10674;0.0;0.0;0.0;0.0,
BOYACÁ;MOTAVITA;2023-S1;10674;0.0;8.0;0.027543563799887576;0.23541542992257805,
HUILA;BARAYA;2023-S1;10525;0.0;0.1;0.0009881235154394301;0.009891676294942588,
CAUCA;PURACÉ (COCONUCO);2023-S1;16358;0.0;10.0;0.02910502506418878;0.20138499137242757,
ANTIOQUIA;YOLOMBÓ;2023-S1;4038;0.0;0.0;0.0;0.0,
VALLE DEL CAUCA;ANSERMANUEVO;2023-S1;6549;0.0;6.4;0.026370438234845018;0.2220633461566732,
RISARALDA;BELÉN DE UMBRÍA;2023-S1;7772;0.0;1.1;0.035666495110653625;0.06594418579070777,
CUNDINAMARCA;RICAURTE;2023-S1;1851;0.0;2.8;0.007671528903295517;0.09452888673202667,
CUNDINAMARCA;NIMAIMA;2023-S1;558;0.0;0.6;0.014516129032258063;0.07105791193739464,
AMAZONAS;LETICIA;2023-S1;4577;0.0;17.69;0.0953397421892069;0.6411272607593848,
HUILA;PITALITO;2023-S1;212;0.0;0.0;0.0;0.0,
NARINO;MALLAMA (PIEDRANCHA);2023-S1;21029;0.0;9.4;0.01427552427599981;0.16355361631745316,
ANTIOQUIA;NECHÍ;2023-S1;38596;0.0;19.1;0.01957974919680796;0.2972985239133843,
ARAUCA;SARAVENA;2023-S1;24277;0.0;4.6;0.029632985953783414;0.15415137841366658,
RISARALDA;LA VIRGINIA;2023-S1;81094;0.0;1.778;0.0091192936592103;0.07829532405512292,
MAGDALENA;SAN SEBASTIÁN DE BUENAVISTA;2023-S1;13371;0.0;12.7;0.008937252262358837;0.22406825249622636,
CASANARE;TRINIDAD;2023-S1;4188;0.0;12.9;0.025525310410697232;0.2915092310595902,
CASANARE;OROCUÉ;2023-S1;23017;0.0;14.7;0.026367467524003995;0.30512705433831383,
CHOCÓ;SAN JOSÉ DEL PALMAR;2023-S1;23741;2.7;6.7;6.691238785223875;0.08781194660507087,
CHOCÓ;EL ATRATO;2023-S1;24466;0.0;0.0;0.0;0.0,
BOYACÁ;LABRANZAGRANDE;2023-S1;21261;0.0;15.8;0.03720427073044542;0.2435848045373837,
ARCHIPIELAGO DE SAN ANDRES, PROVIDENCIA Y SANTA CATALINA;SAN ANDRES Y  PROVIDENCIA (SANTA ISABEL);2023-S1;24817;0.0;21.4;0.009449167909094572;0.24635431497340773
CÓRDOBA;CHINÚ;2023-S1;6035;0.0;2.6;0.04790389395194698;0.1868572772769217,
CÓRDOBA;PUEBLO NUEVO;2023-S1;10103;0.0;2.6;0.001306542611105612;0.03498274829731537,
CASANARE;NUNCHÍA;2023-S1;23424;0.0;11.9;0.04300717213114754;0.333461325191288,
SUCRE;SAN PEDRO;2023-S1;19003;0.0;4.2;0.006809451139293796;0.06880536571253335,
VICHADA;LA PRIMAVERA;2023-S1;33016;0.0;18.6;0.04195238672158954;0.45691886841556234,
CÓRDOBA;AYAPEL;2023-S1;57844;0.0;23.3;0.017873936795518984;0.3195898706196399,
BOYACÁ;CUÍTIVA;2023-S1;49041;0.0;28.2;0.0975795762729145;0.8349822786763684,
CHOCÓ;BOJAYÁ (BELLAVISTA);2023-S1;20272;0.0;23.4;0.6736434490923442;1.6278071717466476,
ATLÁNTICO;SABANALARGA;2023-S1;24496;0.0;18.0;0.02332217504898759;0.27593009529418777,
BOYACÁ;SOCOTÁ;2023-S1;23260;0.0;4.7;0.11153912295786758;0.2454069149600984,
CUNDINAMARCA;GUTIÉRREZ;2023-S1;24577;0.0;7.0;0.03188346828335436;0.18339651575949617,
CHOCÓ;BAHÍA SOLANO (MUTIS);2023-S1;5432;0.0;0.0;0.0;0.0,
SUCRE;SAN BENITO ABAD;2023-S1;46676;0.0;21.7;0.031716513840089125;0.29758632214937875,
RISARALDA;SANTA ROSA DE CABAL;2023-S1;53465;0.0;12.6;0.028824464603011316;0.24151501877623288,
VALLE DEL CAUCA;FLORIDA;2023-S1;47849;0.0;7.4;0.016727622311856045;0.16553046433892452,
CESAR;GAMARRA;2023-S1;10616;0.0;1.2;0.044574227581009804;0.17690154578586573,
TOLIMA;VILLARRICA;2023-S1;3137;0.0;0.1;3.187759005419191e-05;0.0017854296416882941,
CUNDINAMARCA;UBATÉ;2023-S1;4529;0.0;4.1;0.020556414219474496;0.15537782930696023,
NARIÑO;IMUÉS;2023-S1;5263;0.0;4.3;0.028158844765342958;0.17743626925637257,
CHOCÓ;ACANDÍ;2023-S1;469;0.0;0.0;0.0;0.0,
ANTIOQUIA;RETIRO;2023-S1;8029;0.0;9.0;0.03572051313986798;0.2977233320808216,
SANTANDER;SAN VICENTE DE CHUCURÍ;2023-S1;19609;0.0;9.7;0.003773777347136519;0.12685199656631205,
NORTE DE SANTANDER;ÁBREGO;2023-S1;8311;0.0;11.0;0.017374563831067256;0.23990850466719157,
SANTANDER;MÁLAGA;2023-S1;8313;0.0;0.0;0.0;0.0,
BOYACÁ;SAMACÁ;2023-S1;8311;0.0;6.2;0.012272891348814824;0.12427801850030083,
ATLANTICO;MANATÍ;2023-S1;8312;0.0;16.2;0.003103946102021174;0.18704264179181712,
SANTANDER;PIEDECUESTA;2023-S1;13949;0.0;17.6;0.032561473940784284;0.394300026184726,
ANTIOQUIA;CHIGORODÓ;2023-S1;8307;0.0;0.0;0.0;0.0,
SANTANDER;VETAS;2023-S1;8313;0.0;2.8;0.015493804883916757;0.10598340864474287,
META;VISTAHERMOSA;2023-S1;8313;0.0;0.2;0.0003849392517743294;0.007589442561982193,
BOYACÁ;SOCHA;2023-S1;14818;0.0;7.1;0.012262113645566203;0.1300349535740901,
TOLIMA;VENADILLO;2023-S1;6505;0.0;0.0;0.0;0.0,
CUNDINAMARCA;CHÍA;2023-S1;15116;0.0;4.6;0.014659962953162214;0.11937408496294166,
CAUCA;SAN SEBASTIAN;2023-S1;8313;0.0;10.6;0.036328641886202336;0.2953091621016358,
CUNDINAMARCA;FACATATIVÁ;2023-S1;8169;0.0;5.4;0.01953727506426735;0.14521499938199262,
NORTE DE SANTANDER;TOLEDO;2023-S1;8160;0.0;1.8;0.00875;0.06764583552304411,
SANTANDER;CERRITO;2023-S1;13830;0.0;4.9;0.022147505422993492;0.13747677617663057,
SANTANDER;SURATÁ;2023-S1;16620;0.0;8.3;0.006570397111913357;0.10789367054825626,
SANTANDER;MOGOTES;2023-S1;11455;0.0;16.4;0.06281972937581842;0.5591450390338781,
ANTIOQUIA;CAUCASIA;2023-S1;2876;0.0;0.8;0.0006954102920723226;0.018260045996569104,
NORTE DE SANTANDER;CÁCHIRA;2023-S1;8313;0.0;3.2;0.008901720197281367;0.09048930771402322,
TOLIMA;ESPINAL;2023-S1;8312;0.0;5.1;0.020476419634263714;0.12793770357270615,
ANTIOQUIA;CÁCERES;2023-S1;8303;0.0;0.0;0.0;0.0,
CUNDINAMARCA;SUESCA;2023-S1;8165;0.0;2.5;0.006197183098591549;0.057493819337645316,
TOLIMA;LÉRIDA;2023-S1;239;0.0;6.0;0.027615062761506274;0.389018051609488,
CORDOBA;LORICA;2023-S1;6802;0.0;0.2;8.820935019112028e-05;0.004199604983312497,
HUILA;PALERMO;2023-S1;10086;0.0;12.8;0.04005552250644458;0.38719175933062483,
CUNDINAMARCA;ANAPOIMA;2023-S1;8167;0.0;15.2;0.02022774580629362;0.3294244932328341,
SANTANDER;SABANA DE TORRES;2023-S1;8168;0.0;14.0;0.020886385896180214;0.371455623653205,
CAUCA;SANTA ROSA;2023-S1;8308;0.0;10.8;0.020847376023110258;0.19464024296416224,
HUILA;ISNOS;2023-S1;8311;0.0;7.4;0.020166045000601616;0.1593232419017896,
CUNDINAMARCA;COGUA;2023-S1;8168;0.0;4.4;0.020861900097943194;0.14405705279017314,
CAUCA;TORIBÍO;2023-S1;8164;0.0;19.7;0.4653233708966193;1.401454987020444,
ANTIOQUIA;SAN ROQUE;2023-S1;8065;0.0;0.0;0.0;0.0,
CUNDINAMARCA;YACOPÍ;2023-S1;8305;0.0;15.0;0.074894641782059;0.5860426553039367,
SANTANDER;FLORIDABLANCA;2023-S1;8310;0.0;21.4;0.0402647412755716;0.508349756540938,
CUNDINAMARCA;CARMEN DE CARUPA;2023-S1;8311;0.0;3.0;0.010949344242570087;0.09287726569523674,
SANTANDER;CARCASÍ;2023-S1;8312;0.0;4.2;0.014629451395572665;0.10871154410068615,
PUTUMAYO;SANTIAGO;2023-S1;8309;0.0;4.0;0.04236370200986882;0.1802368235886836,
NORTE DE SANTANDER;PAMPLONA;2023-S1;7875;0.0;2.9;0.006361904761904762;0.06725057734957922,
VALLE DEL CAUCA;LA CUMBRE;2023-S1;8309;0.0;10.8;0.022457576122277053;0.25826944728707646,
CUNDINAMARCA;CUCUNUBÁ;2023-S1;8312;0.0;9.2;0.01857555341674687;0.19430340286116585,
HUILA;ACEVEDO;2023-S1;4329;0.0;3.0;0.002356202356202356;0.05373302667131581,
CUNDINAMARCA;LA MESA;2023-S1;5208;0.0;7.0;0.008947772657450077;0.13212816391108326,
NARIÑO;LINARES;2023-S1;7825;0.0;4.2;0.018555910543130993;0.14717243001001698,
NORTE DE SANTANDER;SARDINATA;2023-S1;3073;0.0;0.6;0.0010413276928083308;0.019736774905068068,
CAUCA;EL TAMBO;2023-S1;7591;0.0;7.0;0.28591753392174946;0.5801122721257617,
QUINDÍO;SALENTO;2023-S1;8021;0.0;0.0;0.0;0.0,
HUILA;NÁTAGA;2023-S1;4708;0.0;5.0;0.009855564995751912;0.13239207419472232,
VALLE DEL CAUCA;PALMIRA;2023-S1;3511;0.0;0.322;0.00237453716889775;0.01559218961854111,
TOLIMA;AMBALEMA;2023-S1;678;0.0;0.0;0.0;0.0,
HUILA;GARZÓN;2023-S1;18946;0.0;10.8;0.02906154333368521;0.2439101195861946,
BOLIVAR;SANTA ROSA DEL SUR;2023-S1;188;0.0;0.0;0.0;0.0,
CUNDINAMARCA;PACHO;2023-S1;19485;0.0;11.1;0.025665896843725944;0.2211922590145969,
GUAINÍA;INÍRIDA;2023-S1;802;0.0;12.6;0.04713216957605985;0.58823080982765,
HUILA;SUAZA;2023-S1;19468;0.0;10.3;0.030136634477090612;0.21977409825487468,
TOLIMA;MARIQUITA;2023-S1;18575;0.0;17.3;0.062293405114401075;0.5626971640837237,
VALLE DEL CAUCA;SEVILLA;2023-S1;2927;0.0;3.9;0.01626238469422617;0.17046628033190744,
CUNDINAMARCA;ANOLAIMA;2023-S1;19891;0.0;11.1;0.028329395203861043;0.2954086726068032,
CUNDINAMARCA;JUNÍN;2023-S1;17892;0.0;8.0;0.09201319025262689;0.398056361965582,
HUILA;LA ARGENTINA;2023-S1;17455;0.0;7.9;0.027453451733027788;0.2464256112264163,
HUILA;ALTAMIRA;2023-S1;17975;0.0;11.6;0.030853963838664813;0.27884982811818626,
HUILA;CAMPOALEGRE;2023-S1;36632;0.0;14.4;0.03021129067481983;0.33077749683460844,
HUILA;AGRADO;2023-S1;102;0.0;2.2;0.03431372549019608;0.2471601469201442,
HUILA;AIPE;2023-S1;3023;0.0;9.0;0.0368508104531922;0.3483224521620498,
TOLIMA;ALPUJARRA;2023-S1;18733;0.0;17.7;0.03342230288795174;0.36503316978288275,
TOLIMA;GUAMO;2023-S1;4346;0.0;8.7;0.03099401748734468;0.3092048177127379,
CORDOBA;PUERTO LIBERTADOR;2023-S1;4446;0.0;18.1;0.018600989653621232;0.4253792585985059,
TOLIMA;SAN ANTONIO;2023-S1;4877;0.0;7.7;0.06469140865286037;0.34622654144420356,
TOLIMA;ARMERO (GUAYABAL);2023-S1;1047;0.0;6.1;0.016427889207258833;0.23211851720259605,
TOLIMA;RONCESVALLES;2023-S1;17858;0.0;5.4;0.021710157912420203;0.1668656620540165,
CHOCÓ;CÉRTEGUI;2023-S1;6267;0.0;0.0;0.0;0.0,
NARIÑO;LEIVA;2023-S1;2033;0.0;0.2;9.837678307919332e-05;0.004435691221877224,
ANTIOQUIA;ABRIAQUÍ;2023-S1;1254;0.0;0.2;0.0001594896331738437;0.005647824947249051,
ATLANTICO;SABANAGRANDE;2023-S1;924;0.0;0.0;0.0;0.0,
META;BARRANCA DE UPÍA;2023-S1;269;0.0;2.8;0.01486988847583643;0.17809649034580938,
CHOCÓ;ISTMINA;2023-S1;734;0.0;22.3;0.19645776566757492;1.3517866456366567,
BOYACÁ;QUÍPAMA;2023-S1;6878;0.0;13.4;0.02826403024134923;0.3797448062313546,
CESAR;AGUACHICA;2023-S1;6291;0.0;10.6;0.013781592751549833;0.2421141435170776,
VALLE DEL CAUCA;TRUJILLO;2023-S1;22069;0.0;7.5;0.014626852145543523;0.16083298496940787,
BOYACÁ;GUACAMAYAS;2023-S1;360;0.0;0.5;0.007222222222222221;0.03953850146517999,
SANTANDER;PÁRAMO;2023-S1;5606;0.0;14.6;0.069835890117731;0.6952251124679326,
SANTANDER;GIRÓN;2023-S1;5527;0.0;11.2;0.015324769314275377;0.20563540468417338,
CAQUETA;EL PAUJIL;2023-S1;17201;0.0;8.0;0.06686820533689902;0.3415923885226349,
ANTIOQUIA;PUERTO BERRÍO;2023-S1;9176;0.0;13.1;0.034819093286835225;0.45467062062964275,
CAUCA;PIENDAMÓ;2023-S1;12100;0.0;8.5;0.021247933884297524;0.2157120992074167,
VALLE DEL CAUCA;RESTREPO;2023-S1;5995;0.0;2.0;0.0035863219349457887;0.05781139885498951,
BOYACÁ;PAJARITO;2023-S1;4338;0.0;10.15;0.12452397418165054;0.6196063649607,
NARIÑO;BARBACOAS;2023-S1;230;0.0;3.6;0.06869565217391305;0.3521277104051346,
RISARALDA;APÍA;2023-S1;3841;0.0;3.0;0.012028117677688101;0.09728649294321547,
BOLIVAR;SANTA CATALINA;2023-S1;1766;0.0;1.2;0.006455266138165346;0.0557534534609171,
TOLIMA;PURIFICACIÓN;2023-S1;390;0.0;0.3;0.0007692307692307692;0.015191090506254999,
BOLIVAR;ACHÍ;2023-S2;10164;0.0;28.9;0.06524990161353798;0.724974171587272,
CALDAS;CHINCHINA;2023-S2;13443;0.0;4.2;0.013754370304247565;0.12418663119259288,
MAGDALENA;SANTA MARTA;2023-S2;108702;0.0;13.6;0.0015022722672995898;0.05394311708763545,
NORTE DE SANTANDER;CONVENCIÓN;2023-S2;12855;0.0;4.3;0.01060287825748736;0.10370633774446829,
CALDAS;SALAMINA;2023-S2;13647;0.0;5.4;0.012119879827068221;0.13475469700746073,
SANTANDER;CONFINES;2023-S2;13494;0.0;5.4;0.013983992885726989;0.14490819807689553,
CHOCO;QUIBDÓ;2023-S2;8558;0.0;4.3;0.26374152839448467;0.5952854190998794,
QUINDÍO;MONTENEGRO;2023-S2;13489;0.0;7.8;0.017317814515531174;0.20508341012965228,
RISARALDA;APÍA;2023-S2;13582;0.0;9.1;0.020578707112354586;0.19306476691437513,
ANTIOQUIA;PUERTO BERRÍO;2023-S2;24832;0.0;11.7;0.032019168814432994;0.34218238196157036,
BOLIVAR;SAN JACINTO DEL CAUCA;2023-S2;10176;0.0;18.9;0.07386006289308177;0.6646161831701453,
TOLIMA;ALPUJARRA;2023-S2;4695;0.0;10.4;0.017614483493077742;0.2591953077213476,
RISARALDA;SANTA ROSA DE CABAL;2023-S2;13323;0.0;4.1;0.017068227876604367;0.1304544632640148,
ANTIOQUIA;VENECIA;2023-S2;11002;0.0;8.7;0.019414651881476095;0.2306669821313581,
SANTANDER;LEBRIJA;2023-S2;89302;0.0;15.62;0.00028196456966249355;0.05636965289066634,
HUILA;CAMPOALEGRE;2023-S2;48139;0.0;9.4;0.010147697293254949;0.13554806477830222,
VALLE DEL CAUCA;RESTREPO;2023-S2;12959;0.0;5.3;0.007932710857319239;0.10155623353355578,
QUINDÍO;BUENAVISTA;2023-S2;13519;0.0;4.0;0.008891190176788223;0.10898096864548677,
TOLIMA;ROVIRA;2023-S2;13229;0.0;3.0;0.009554766044296621;0.09454116174922286,
ARCHIPIELAGO DE SAN ANDRES, PROVIDENCIA Y SANTA CATALINA;SAN ANDRES Y  PROVIDENCIA (SANTA ISABEL);2023-S2;10218;0.0;16.4;0.03237424153454688;0.35291687149442674
CHOCÓ;EL ATRATO;2023-S2;10219;0.0;0.0;0.0;0.0,
SAN ANDRÉS PROVIDENCIA;SAN ANDRÉS;2023-S2;15047;0.0;20.7;0.020482488203628628;0.41378988885810686,
BOYACÁ;AQUITANIA;2023-S2;74704;0.0;28.3;0.045786571000214174;0.4759883016136724,
CALDAS;ANSERMA;2023-S2;12913;0.0;4.1;0.008975451095794935;0.09655214176526983,
HUILA;GARZÓN;2023-S2;24590;0.0;12.1;0.0211468076453843;0.2077755333354056,
CALDAS;SUPIA;2023-S2;13311;0.0;7.4;0.011802268800240405;0.1587743872715455,
MAGDALENA;ARACATACA;2023-S2;24678;0.0;6.6;0.009048545262987276;0.12629191519592053,
ANTIOQUIA;NECHÍ;2023-S2;28789;0.0;19.9;0.02291152870888186;0.31104821479860945,
TOLIMA;VALLE DE SAN JUAN;2023-S2;24706;0.0;8.2;0.008556625920828948;0.1499120877482511,
TOLIMA;MARIQUITA;2023-S2;23673;0.0;18.7;0.05687069657415621;0.5558296906717011,
HUILA;GIGANTE;2023-S2;13212;0.0;1.9;0.008530124129579172;0.06552897837662919,
TOLIMA;PURIFICACIÓN;2023-S2;23534;0.0;1.9;0.0006883657686751085;0.023402831817033724,
HUILA;ALTAMIRA;2023-S2;22089;0.0;5.4;0.016252433337860472;0.14236982725426697,
META;LEJANÍAS;2023-S2;13215;0.0;8.8;0.06816496405599697;0.39692104321078964,
ANTIOQUIA;CONCORDIA;2023-S2;13502;0.0;5.4;0.023278032884017183;0.20690504255493786,
ANTIOQUIA;COCORNÁ;2023-S2;13534;0.0;6.2;0.03436530220186198;0.26397071109240877,
PUTUMAYO;MOCOA;2023-S2;28536;0.0;15.9;0.05289108494533221;0.3599467225675996,
TOLIMA;LÍBANO;2023-S2;12431;0.0;4.2;0.0112782559729708;0.11593781051098566,
BOLIVAR;MAGANGUÉ;2023-S2;17736;0.0;20.9;0.03082431213351376;0.44017439892526633,
QUINDÍO;ARMENIA;2023-S2;90133;0.0;9.398;0.01332610697524769;0.1531481721105316,
ANTIOQUIA;VALDIVIA;2023-S2;18750;0.0;20.4;0.05459733333333334;0.549963449435803,
VICHADA;LA PRIMAVERA;2023-S2;48721;0.0;25.6;0.047815110527288034;0.5718705429270915,
RISARALDA;PEREIRA;2023-S2;26364;0.0;5.6;0.01505082688514641;0.14819116120454046,
ARAUCA;SARAVENA;2023-S2;24132;0.0;11.6;0.05391596220785679;0.3465847713811438,
MAGDALENA;PLATO;2023-S2;20159;0.0;17.6;0.018125899102138004;0.2633306474516294,
HUILA;LA PLATA;2023-S2;13496;0.0;6.5;0.008157972732661528;0.11203655757643535,
NARIÑO;TANGUA;2023-S2;49118;0.0;8.4;0.014823486298302048;0.12663307231804516,
BOYACÁ;CUÍTIVA;2023-S2;48927;0.0;28.2;0.06711222842193472;0.663180896081142,
SUCRE;SAN BENITO ABAD;2023-S2;34609;0.0;28.0;0.1250426189719437;0.571909106978721,
TOLIMA;DOLORES;2023-S2;13579;0.0;4.1;0.0065174165991604685;0.08727103056504817,
CHOCÓ;CÉRTEGUI;2023-S2;37855;0.0;0.0;0.0;0.0,
TOLIMA;IBAGUÉ;2023-S2;10370;0.0;6.6;0.009537126325940212;0.1371938075287024,
MAGDALENA;EL BANCO;2023-S2;24660;0.0;22.3;0.02497566909975669;0.37614970952304005,
CHOCÓ;SAN JOSÉ DEL PALMAR;2023-S2;10136;6.0;6.7;6.699930939226519;0.006952880082284928,
TOLIMA;ATACO;2023-S2;25394;0.0;15.9;0.015409151768134205;0.26036277842972955,
RISARALDA;GUÁTICA;2023-S2;13611;0.0;5.3;0.006031885974579384;0.07268078736794019,
CÓRDOBA;MONTERÍA;2023-S2;97212;0.0;29.6;0.021534378471793608;0.4482096313980206,
CUNDINAMARCA;JUNÍN;2023-S2;20068;0.0;29.3;0.1999003388479171;1.316488119122912,
NARINO;MALLAMA (PIEDRANCHA);2023-S2;10182;0.0;12.8;0.012541740326065606;0.16293654418375061,
NARIÑO;PASTO;2023-S2;25105;0.0;19.2;0.019880501892053377;0.21208204515633997,
BOYACÁ;MONIQUIRÁ;2023-S2;13155;0.0;5.0;0.01160015203344736;0.13492062234803093,
NORTE DE SANTANDER;GRAMALOTE;2023-S2;9970;0.0;4.1;0.005446339017051154;0.08793975164216668,
SANTANDER;SOCORRO;2023-S2;5456;0.0;8.2;0.013306451612903225;0.2069347464699703,
VALLE DEL CAUCA;ARGELIA;2023-S2;12647;0.0;3.9;0.005890725073139875;0.07444833272130874,
BOYACÁ;PAUNA;2023-S2;11563;0.0;6.4;0.007731557554267924;0.10370610291720393,
ANTIOQUIA;RIONEGRO;2023-S2;63210;0.0;0.5;7.91014080050625e-06;0.0019887358799632305,
BOYACÁ;CHISCAS;2023-S2;64743;0.0;24.9;0.01818883894783992;0.46299671439773143,
VALLE DEL CAUCA;JAMUNDÍ;2023-S2;12275;0.0;4.3;0.012651731160896131;0.1328499560240918,
SANTANDER;SAN VICENTE DE CHUCURÍ;2023-S2;9979;0.0;7.3;0.012065337208137088;0.17991093022438986,
BOLÍVAR;CARTAGENA DE INDIAS;2023-S2;79388;0.0;12.7;0.008215347407668666;0.1939185866155809,
CALDAS;MANIZALES;2023-S2;40107;0.0;5.6;0.013728276859401103;0.11099496646331684,
HUILA;NEIVA;2023-S2;24784;0.0;22.5;0.022655745642349904;0.3973050481024661,
VALLE DEL CAUCA;TRUJILLO;2023-S2;13472;0.0;2.4;0.007860748218527315;0.08598533795583384,
HUILA;SANTA MARÍA;2023-S2;24465;0.0;15.6;0.020478234212139793;0.2752756217814723,
TOLIMA;RONCESVALLES;2023-S2;22767;0.0;10.5;0.01993675056002108;0.19706632416667755,
CAQUETA;EL PAUJIL;2023-S2;12164;0.0;8.4;0.06070371588293325;0.3936305730651971,
BOYACÁ;LABRANZAGRANDE;2023-S2;23353;0.0;11.2;0.03842332890849142;0.2989398840157124,
HUILA;SAN AGUSTÍN;2023-S2;13426;0.0;2.7;0.015432742440041709;0.08274721361246817,
HUILA;LA ARGENTINA;2023-S2;22824;0.0;9.1;0.016898878373641783;0.16668505241885584,
LA GUAJIRA;RIOHACHA;2023-S2;96516;0.0;15.95;0.0016406606158564385;0.08754154889478946,
CUNDINAMARCA;GUAYABETAL;2023-S2;378093;0.0;7.5;0.0003988436707370938;0.027581043097369556,
NORTE DE SANTANDER;CHINÁCOTA;2023-S2;18652;0.0;11.5;0.025305597254986063;0.29356362523991125,
ATLÁNTICO;SUAN;2023-S2;10354;0.0;8.0;0.012980490631639946;0.20084228657338823,
HUILA;SUAZA;2023-S2;24405;0.0;9.2;0.019164105716041793;0.17335961078981602,
CHOCÓ;BOJAYÁ (BELLAVISTA);2023-S2;9015;0.0;22.4;0.36215196894065443;1.133370726978,
LA GUAJIRA;MAICAO;2023-S2;22630;0.0;17.2;0.03271321254971277;0.4776637323952094,
ANTIOQUIA;SONSÓN;2023-S2;7942;0.0;1.8;0.004797280282044825;0.052858384077795216,
CESAR;AGUSTÍN CODAZZI;2023-S2;19652;0.0;22.8;0.031996743334011805;0.4447524195104538,
NARIÑO;ALDANA;2023-S2;90983;0.0;7.219;0.006426881944978732;0.07291575389109539,
CALDAS;MANZANARES;2023-S2;13456;0.0;6.7;0.020243757431629015;0.2187436850244185,
NORTE DE SANTANDER;CUCUTILLA;2023-S2;12364;0.0;7.0;0.016006146878033;0.15613900468395556,
CASANARE;YOPAL;2023-S2;54023;0.0;23.2;0.08778520259889307;0.4245231891945526,
RISARALDA;LA CELIA;2023-S2;10658;0.0;24.5;0.020942015387502344;0.29425479058697196,
CUNDINAMARCA;ANOLAIMA;2023-S2;22927;0.0;11.8;0.01572818074759018;0.19191187407026367,
BOYACÁ;SOCOTÁ;2023-S2;18319;0.0;7.1;0.12794366504721874;0.30853011321431073,
BOYACÁ;SOGAMOSO;2023-S2;116800;0.0;9.1;0.009716609589041096;0.11139353247779145,
TOLIMA;PLANADAS;2023-S2;21965;0.0;6.6;0.01196904165718188;0.1470562443966291,
CAUCA;BALBOA;2023-S2;13765;0.0;5.1;0.016527424627678897;0.1697712897509034,
ATLÁNTICO;SABANALARGA;2023-S2;10147;0.0;16.7;0.03937124273184192;0.5190441020441399,
VALLE DEL CAUCA;FLORIDA;2023-S2;12747;0.0;1.5;0.004824664626971052;0.04795625648572223,
CUNDINAMARCA;GUTIÉRREZ;2023-S2;24460;0.0;7.6;0.03580948487326247;0.20124560725554858,
CÓRDOBA;AYAPEL;2023-S2;42078;0.0;26.9;0.031451114596701364;0.5599365581805064,
NARIÑO;CONSACÁ;2023-S2;13727;0.0;1.0;0.007131929773439208;0.03518418479406104,
VALLE DEL CAUCA;CAICEDONIA;2023-S2;13424;0.0;7.4;0.013855780691299165;0.17941498233293177,
CESAR;PUEBLO BELLO;2023-S2;12744;0.0;9.9;0.023956371625863154;0.2531441026952644,
ATLANTICO;JUAN DE ACOSTA;2023-S2;19773;0.0;16.6;0.034734233550801595;0.3778850533084422,
CAUCA;GUAPI;2023-S2;18222;0.0;25.2;0.16750082318077048;0.9844873844306228,
CHOCÓ;BAHÍA SOLANO (MUTIS);2023-S2;9470;0.0;0.0;0.0;0.0,
RISARALDA;LA VIRGINIA;2023-S2;81068;0.0;2.0;0.009685165540040461;0.10202744863435213,
CASANARE;OROCUÉ;2023-S2;23175;0.0;15.2;0.22573031283710895;0.5404971602345331,
CAQUETA;SOLANO;2023-S2;9413;0.0;15.6;0.06500584298310846;0.5880587580501901,
CUNDINAMARCA;CÁQUEZA;2023-S2;24779;0.0;28.0;0.014391218370394287;0.27155841013637,
ATLÁNTICO;SOLEDAD;2023-S2;12784;0.0;24.69;0.13506257822277845;0.9498743169593769,
CASANARE;NUNCHÍA;2023-S2;18052;0.0;16.7;0.07196432528251717;0.44467071529443863,
NORTE DE SANTANDER;CÚCUTA;2023-S2;93977;0.0;29.58;0.00910222714068336;0.17129979325060754,
CUNDINAMARCA;PACHO;2023-S2;24432;0.0;12.7;0.017239685658153245;0.21000697232956494,
LA GUAJIRA;URIBIA;2023-S2;9332;0.0;4.7;0.0020895842263180453;0.07070632296728523,
MAGDALENA;SAN SEBASTIÁN DE BUENAVISTA;2023-S2;15368;0.0;21.4;0.03196902654867257;0.5194357241724931,
CASANARE;TÁMARA;2023-S2;12062;0.0;27.5;0.17824573039296965;0.6692675484884001,
CÓRDOBA;CHINÚ;2023-S2;7932;0.0;18.1;0.019730206757438223;0.22587121642785526,
CESAR;VALLEDUPAR;2023-S2;64883;0.0;29.0;0.00518733720697255;0.2037736298179516,
BOYACÁ;GUACAMAYAS;2023-S2;88685;0.0;9.1;0.006931273608840278;0.08954335073384875,
CÓRDOBA;PUEBLO NUEVO;2023-S2;24507;0.0;22.4;0.044473007712082256;0.5979356905682052,
CUNDINAMARCA;EL COLEGIO;2023-S2;13790;0.0;5.0;0.007302393038433648;0.08849826019073227,
GUAINÍA;INÍRIDA;2023-S2;20254;0.0;19.9;0.05608274908660018;0.5489105572382034,
CAUCA;PIENDAMÓ;2023-S2;10417;0.0;5.2;0.0065853892675434384;0.10583415382568659,
TOLIMA;GUAMO;2023-S2;823;0.0;3.3;0.015188335358444714;0.17271323365716834,
META;PUERTO GAITÁN;2023-S2;10;20.53;20.58;20.55;0.025819888975389293,
CUNDINAMARCA;GIRARDOT;2023-S2;21753;0.0;8.7;0.0077690433503424805;0.13122107234303848,
BOLIVAR;CARTAGENA DE INDIAS;2023-S2;2104;0.0;3.2;0.011216730038022813;0.13693764555063148,
VALLE DEL CAUCA;PALMIRA;2023-S2;23071;0.0;7.454;0.005555632612370509;0.08995273872170068,
TOLIMA;SALDAÑA;2023-S2;3581;0.0;8.4;0.0048589779391231495;0.1616218894059719,
HUILA;TELLO;2023-S2;6049;0.0;3.6;0.007935195900148784;0.09738572753087793,
AMAZONAS;LETICIA;2023-S2;58672;0.0;12.17;0.16297024134169621;0.3493305742129664,
AMAZONAS;PUERTO NARIÑO;2023-S2;1671;0.0;3.4;0.008976660682226212;0.11808185045571513,
VALLE DEL CAUCA;CALI;2023-S2;8;0.0;0.0;0.0;0.0,
BOGOTA;BOGOTA, D.C;2023-S2;7422;0.0;15.0;0.035475613042306654;0.45626532290350763
BOYACÁ;MACANAL;2023-S2;15547;0.0;7.9;0.01629896443043674;0.15369915411743063,
TOLIMA;MELGAR;2023-S2;7525;0.0;11.6;0.007362126245847176;0.20801079920169258,
NARIÑO;IMUÉS;2023-S2;8958;0.0;8.0;0.019290020093770933;0.1942763341710895,
SUCRE;SAN PEDRO;2023-S2;16707;0.0;22.8;0.008667025797569882;0.21310262045436618,
ATLANTICO;REPELÓN;2023-S2;2;0.0;0.0;0.0;0.0,
LA GUAJIRA;DIBULLA;2023-S2;5458;0.0;3.1;0.007805056797361671;0.08493603170315454,
LA GUAJIRA;URUMITA;2023-S2;14756;0.0;8.8;0.01199512062889672;0.18957171648981902,
SANTANDER;BUCARAMANGA;2023-S2;2107;0.0;0.3;0.0009966777408637875;0.013571711276845108,
CHOCÓ;NÓVITA;2023-S2;13444;4.7;6.7;6.698132996132103;0.04053053121598361,
SANTANDER;GIRÓN;2023-S2;1958;0.0;0.4;0.0018896833503575078;0.020754892074394498,
ATLANTICO;SOLEDAD;2023-S2;94317;0.0;21.02;0.06165929789963634;0.2944221035829917,
BOLÍVAR;SAN JACINTO DEL CAUCA;2023-S2;14031;0.0;22.0;0.09342170907276744;0.8229071956080861,
BOLÍVAR;MAGANGUÉ;2023-S2;25402;0.0;18.1;0.036386898669396116;0.44457180785700035,
ATLANTICO;SABANALARGA;2023-S2;6625;0.0;16.6;0.015305660377358489;0.2653067697419616,
ARCHIPIÉLAGO DE SAN ANDRES PROVIDENCIA Y SANTA CATALINA;SAN ANDRES Y  PROVIDENCIA;2023-S2;36483;0.0;17.4;0.022424142751418467;0.23021602709875766,
BOGOTÁ;BOGOTA D.C;2023-S2;395222;0.0;30.0;0.005768403580772326;0.329460321832989,
NARIÑO;MALLAMA;2023-S2;14370;0.0;9.3;0.05086986778009742;0.3063521402575847,
ARCHIPIÉLAGO DE SAN ANDRES PROVIDENCIA Y SANTA CATALINA;SAN ANDRÉS;2023-S2;98982;0.0;25.8;0.019680345921480675;0.3037385833005598,
SANTANDER;TONA;2023-S2;698;0.0;0.2;0.0002865329512893983;0.007570111641044646,
SANTANDER;PUENTE NACIONAL;2023-S2;3221;0.0;17.6;0.05358584290592984;0.5977574768176805,
ATLANTICO;BARRANQUILLA;2023-S2;24381;0.0;21.2;0.04227062056519421;0.5044191868843082,
SUCRE;MAJAGUAL;2023-S2;14011;0.0;8.9;0.02271072728570409;0.22181739867901026,
TOLIMA;PIEDRAS;2023-S2;14384;0.0;2.4;0.0010845383759733038;0.03205957353731023,
CHOCÓ;BAHÍA SOLANO;2023-S2;10364;0.0;0.0;0.0;0.0,
SANTANDER;SABANA DE TORRES;2023-S2;3414;0.0;12.8;0.03760984182776802;0.4566052958771538,
ATLANTICO;SUAN;2023-S2;14335;0.0;5.2;0.006069061737007325;0.11088768492543873,
SANTANDER;MOGOTES;2023-S2;2769;0.0;14.4;0.04080895630191405;0.4705444316069286,
CAQUETÁ;SOLANO;2023-S2;167;0.0;0.0;0.0;0.0,
LA GUAJIRA;ALBANIA;2023-S2;10;0.0;0.0;0.0;0.0,
CAQUETÁ;EL PAUJIL;2023-S2;1435;0.0;5.4;0.045993031358885016;0.29930703314635654,
ANTIOQUIA;TÁMESIS;2023-S2;571;0.0;0.0;0.0;0.0,
TOLIMA;CHAPARRAL;2023-S2;858;0.0;0.3;0.0004662004662004662;0.01079205809235436,
CHOCÓ;ISTMINA;2023-S2;721;0.0;24.5;0.4375866851595007;2.5377186279194026,
CUNDINAMARCA;SUESCA;2023-S2;3389;0.0;0.4;0.0022425494246090293;0.01976064434792426,
CHOCÓ;SIPÍ;2023-S2;186;0.0;0.0;0.0;0.0,
BOYACÁ;PÁEZ;2023-S2;3030;0.0;0.195;0.0004184818481848184;0.0063044096516088905,
BOYACÁ;PAJARITO;2023-S2;2014;0.0;8.73;0.08740466732869911;0.573745446738636,
BOYACÁ;CAMPOHERMOSO;2023-S2;3942;0.0;7.5;0.023236935565702686;0.23831829433429555,
CASANARE;TAURAMENA;2023-S2;6041;0.0;2.4;0.004072504552226452;0.07189888300927315,
CUNDINAMARCA;QUETAME;2023-S2;5619;0.0;0.0;0.0;0.0,
META;ACACÍAS;2023-S2;5409;0.0;12.2;0.06080606396746163;0.46549007180118246,
SANTANDER;PÁRAMO;2023-S2;1789;0.0;16.2;0.16310788149804356;0.8590240547982132,
NARIÑO;IPIALES;2023-S2;9641;0.0;26.88;0.14553469557099885;1.5002539573623401,
BOYACÁ;PUERTO BOYACÁ;2023-S2;244;0.0;13.38;0.09833606557377049;1.0732455075689658,
NARIÑO;TUMACO;2023-S2;48;0.0;7.6;0.6354166666666666;1.2810384058111297,
VAUPES;MITÚ;2023-S2;4488;0.0;15.8;0.061720142602495545;0.5343856086349004,
NARIÑO;BARBACOAS;2023-S2;1;0.0;0.0;0.0;,
SUCRE;SAMPUÉS;2023-S2;5404;0.0;13.8;0.015210954848260549;0.31853985639079957,
CUNDINAMARCA;CHOACHÍ;2023-S2;2;11.8;11.8;11.8;0.0,
VALLE DEL CAUCA;BUENAVENTURA;2023-S2;343;0.0;1.0;0.0058309037900874635;0.07624863516024834,
SANTANDER;LEBRIJA;2024-S1;55328;0.0;0.0;0.0;0.0,
BOYACÁ;SOGAMOSO;2024-S1;158024;0.0;8.2;0.00717865640662178;0.08258557753631804,
MAGDALENA;EL BANCO;2024-S1;23333;0.0;21.4;0.01773453906484378;0.39230236057287216,
MAGDALENA;SANTA MARTA;2024-S1;98922;0.0;19.3;0.0121075190554174;0.24850924449098485,
BOYACÁ;LABRANZAGRANDE;2024-S1;22207;0.0;9.5;0.03702886477236907;0.25557823885222164,
HUILA;SUAZA;2024-S1;22019;0.0;7.3;0.02092283936600209;0.18192345010439778,
VICHADA;LA PRIMAVERA;2024-S1;43849;0.0;21.2;0.03817874980045155;0.4801457407695153,
CESAR;VALLEDUPAR;2024-S1;137840;0.0;3.1;0.0012645095763203712;0.02970527485985331,
NARIÑO;IPIALES;2024-S1;23269;0.0;5.73;0.011329666079333018;0.09469122756137627,
ARCHIPIÉLAGO DE SAN ANDRES PROVIDENCIA Y SANTA CATALINA;SAN ANDRÉS;2024-S1;148774;0.0;29.8;0.01265207630365521;0.4466227866609407,
CUNDINAMARCA;GUAYABETAL;2024-S1;451875;0.0;2.0;2.1687413554633475e-05;0.006244413528720754,
HUILA;GARZÓN;2024-S1;23250;0.0;13.9;0.03048172043010753;0.2948573225642482,
NARIÑO;TANGUA;2024-S1;46690;0.0;12.6;0.017787534804026558;0.17546366320469967,
HUILA;NEIVA;2024-S1;23265;0.0;18.5;0.025106382978723404;0.3246483497066496,
HUILA;SANTA MARÍA;2024-S1;23232;0.0;13.0;0.0343534779614325;0.360635257147463,
NARIÑO;ALDANA;2024-S1;140643;0.0;5.454;0.006122835832568987;0.06813076166191756,
CHOCÓ;NÓVITA;2024-S1;20808;4.7;6.7;6.676235101883891;0.1409547084024029,
BOYACÁ;GUACAMAYAS;2024-S1;131748;0.0;6.9;0.00650863770228011;0.07525419706894776,
CÓRDOBA;CHINÚ;2024-S1;20651;0.0;25.1;0.04319403418720643;0.47856377754380675,
TOLIMA;ATACO;2024-S1;21594;0.0;11.4;0.032583124942113545;0.3330701087895588,
ANTIOQUIA;NECHÍ;2024-S1;22795;0.0;0.0;0.0;0.0,
BOLÍVAR;SAN JACINTO DEL CAUCA;2024-S1;20707;0.0;20.3;0.06931472448930313;0.7169560730073121,
CÓRDOBA;PUEBLO NUEVO;2024-S1;21475;0.0;17.1;0.03079860302677532;0.41127185384444903,
ANTIOQUIA;PUERTO BERRÍO;2024-S1;23545;0.0;9.1;0.013149288596304948;0.19248197600756128,
SUCRE;MAJAGUAL;2024-S1;22708;0.0;28.3;0.04881979918971288;0.6327812702130621,
HUILA;CAMPOALEGRE;2024-S1;45361;0.0;9.5;0.013099358479751329;0.16682904531693793,
AMAZONAS;LETICIA;2024-S1;99897;0.0;14.01;0.1969729821716368;0.3996469967755316,
CÓRDOBA;MONTERÍA;2024-S1;124274;0.0;27.8;0.0089101501520833;0.22697412777474543,
GUAINÍA;INÍRIDA;2024-S1;21958;0.0;16.1;0.05447217415065124;0.4932377733380011,
TOLIMA;PURIFICACIÓN;2024-S1;5146;0.0;0.0;0.0;0.0,
LA GUAJIRA;MAICAO;2024-S1;21748;0.0;5.0;0.002207099503402612;0.052672216633684966,
CÓRDOBA;AYAPEL;2024-S1;56205;0.0;30.0;0.06139667289387065;0.7364486647741225,
CUNDINAMARCA;CÁQUEZA;2024-S1;23645;0.0;3.4;0.002973144427997462;0.04893597505229378,
SUCRE;SAN PEDRO;2024-S1;15286;0.0;12.9;0.006993327227528458;0.17462187071231422,
BOLÍVAR;MAGANGUÉ;2024-S1;29456;0.0;14.5;0.02035917979359044;0.3281352487403476,
ATLANTICO;SUAN;2024-S1;23139;0.0;8.9;0.008837892735208954;0.1591617676281324,
CASANARE;YOPAL;2024-S1;65072;0.0;21.8;0.049842174821735925;0.47186628770640876,
HUILA;ALTAMIRA;2024-S1;6393;0.0;5.2;0.010010949475989364;0.13720987096817774,
BOYACÁ;CUÍTIVA;2024-S1;46617;0.0;27.1;0.06976639423386319;0.6886523644258923,
CHOCÓ;CÉRTEGUI;2024-S1;32598;0.0;0.0;0.0;0.0,
SUCRE;SAN BENITO ABAD;2024-S1;31105;0.0;18.8;0.12004500884102234;0.5608140009425152,
BOYACÁ;SOCOTÁ;2024-S1;20754;0.0;4.5;0.11475860075166232;0.24527034191878683,
BOYACÁ;AQUITANIA;2024-S1;63120;0.0;26.2;0.05395057034220532;0.5740006547246994,
CUNDINAMARCA;GUTIÉRREZ;2024-S1;23426;0.0;3.8;0.02932212072056689;0.155761445721996,
QUINDÍO;ARMENIA;2024-S1;133332;0.0;9.642;0.013053408034080342;0.12432316710687236,
BOYACÁ;CHISCAS;2024-S1;55242;0.0;1.8;0.0017070345027334277;0.022876309774369025,
LA GUAJIRA;URUMITA;2024-S1;23593;0.0;8.5;0.010999025134573815;0.17903367941896497,
MAGDALENA;ARACATACA;2024-S1;23621;0.0;6.0;0.004750010583802549;0.08891743518541972,
CUNDINAMARCA;JUNÍN;2024-S1;17914;0.0;16.1;0.001468125488444792;0.13340826935274694,
LA GUAJIRA;RIOHACHA;2024-S1;131372;0.0;0.48;3.653746612672411e-06;0.0013243105278154205,
ARAUCA;SARAVENA;2024-S1;23217;0.0;1.5;0.012904337339018824;0.0862021900104403,
NARIÑO;MALLAMA;2024-S1;23498;0.0;11.2;0.0489786364797004;0.3072516258953472,
SUCRE;SAMPUÉS;2024-S1;23413;0.0;15.6;0.01680263101695639;0.302203723658015,
TOLIMA;MARIQUITA;2024-S1;22234;0.0;15.8;0.04568678600341819;0.4535011186773927,
ARCHIPIÉLAGO DE SAN ANDRES PROVIDENCIA Y SANTA CATALINA;SAN ANDRES Y  PROVIDENCIA;2024-S1;41270;0.0;5.8;0.0038211776108553427;0.08942583961950808,
ATLANTICO;SOLEDAD;2024-S1;102158;0.0;16.05;0.038413340120205954;0.1995095673098019,
HUILA;LA ARGENTINA;2024-S1;22328;0.0;8.0;0.02563149408814045;0.22358587485172998,
TOLIMA;RONCESVALLES;2024-S1;22093;0.0;11.8;0.026809396641470147;0.22996299704402898,
MAGDALENA;SAN SEBASTIÁN DE BUENAVISTA;2024-S1;23562;0.0;13.6;0.024327306680247858;0.3372515654326578,
CUNDINAMARCA;ANOLAIMA;2024-S1;22561;0.0;12.1;0.020194140330659104;0.2284564639595094,
BOLÍVAR;CARTAGENA DE INDIAS;2024-S1;86209;0.0;13.7;0.004214177174076953;0.0984156100490434,
NARIÑO;PASTO;2024-S1;23893;0.0;5.7;0.0207843301385343;0.1498476403590062,
TOLIMA;VALLE DE SAN JUAN;2024-S1;23367;0.0;7.6;0.008674626610176745;0.11544503077566111,
CUNDINAMARCA;PACHO;2024-S1;23426;0.0;11.5;0.016084692222317083;0.22459443234023851,
TOLIMA;PIEDRAS;2024-S1;22932;0.0;11.6;0.009105180533751962;0.17073118060280362,
NORTE DE SANTANDER;CÚCUTA;2024-S1;136039;0.0;12.05;0.003753849998897375;0.09026639074769499,
RISARALDA;LA VIRGINIA;2024-S1;75202;0.0;1.778;0.008605622190899177;0.07488745255846693,
CASANARE;NUNCHÍA;2024-S1;21387;0.0;17.2;0.06008790386683499;0.5132141013905549,
CASANARE;OROCUÉ;2024-S1;21578;0.0;11.6;0.10164982852905738;0.3840146730712281,
VALLE DEL CAUCA;BUENAVENTURA;2024-S1;7928;0.0;10.8;0.022489909182643795;0.2678331275816947,
NORTE DE SANTANDER;CHINÁCOTA;2024-S1;5710;0.0;14.4;0.014588441330998249;0.2328717437815725,
CASANARE;TÁMARA;2024-S1;12821;0.0;15.3;0.043163559784728175;0.3889195889217283,
CAUCA;GUAPI;2024-S1;3334;0.0;1.1;0.0018896220755848833;0.0278119752062602,
CHOCÓ;BAHÍA SOLANO;2024-S1;5475;0.0;0.0;0.0;0.0,
BOGOTÁ;BOGOTA D.C;2024-S1;2483069;0.0;2.9;0.001714853675028765;0.026574464408645252,
TOLIMA;SAN ANTONIO;2024-S1;1683;0.0;5.8;0.046524064171123;0.3205850457629392,
MAGDALENA;PLATO;2024-S1;10193;0.0;6.2;0.01289119984302953;0.15134992266765676,
CAQUETÁ;SOLANO;2024-S1;12765;0.0;10.5;0.021551116333725032;0.23195132485614758,
TOLIMA;PLANADAS;2024-S1;1133;0.0;1.1;0.009973521624007062;0.07143963330255457,
VALLE DEL CAUCA;PALMIRA;2024-S1;34844;0.0;6.577;0.014658994374928251;0.11487523747092522,
TOLIMA;SALDAÑA;2024-S1;614;0.0;0.5;0.0021172638436482085;0.02640034223551151,
ATLANTICO;BARRANQUILLA;2024-S1;17186;0.0;9.6;0.002915163505178634;0.10338578678066271,
BOYACÁ;MACANAL;2024-S1;9306;0.0;5.8;0.01678486997635934;0.14522979375478082,
TOLIMA;GUAMO;2024-S1;6;0.0;0.0;0.0;0.0,
HUILA;TERUEL;2024-S1;70;0.0;5.6;0.3757142857142857;1.073182415479498,
CAQUETÁ;FLORENCIA;2024-S1;107;0.0;6.5;0.14018691588785046;0.8216251513075492,
CAQUETÁ;BELÉN DE LOS ANDAQUÍES;2024-S1;72;0.0;0.2;0.002777777777777778;0.023570226039551587,
HUILA;LA PLATA;2024-S1;92;0.0;0.0;0.0;0.0,
TOLIMA;ALPUJARRA;2024-S1;17;0.0;0.0;0.0;0.0,
ATLANTICO;JUAN DE ACOSTA;2024-S1;7341;0.0;0.6;0.0037460836398310856;0.02729140031808846,
CESAR;AGUSTÍN CODAZZI;2024-S1;8103;0.0;20.9;0.038010613353079106;0.46317259047430825,
TOLIMA;ARMERO;2024-S1;12;0.0;0.0;0.0;0.0,
ANTIOQUIA;MEDELLÍN;2024-S1;84897;0.0;12.0;0.016320953626158756;0.17653884581420737,
NARIÑO;IMUÉS;2024-S1;14446;0.0;9.3;0.020351654437214452;0.1893635134553074,
ANTIOQUIA;VALDIVIA;2024-S1;12507;0.0;0.1;8.795074758135444e-05;0.0029644632016635514,
ANTIOQUIA;RIONEGRO;2024-S1;10417;0.0;0.0;0.0;0.0,
CUNDINAMARCA;BOGOTA D.C;2024-S1;4616;0.0;1.6;0.007149046793760832;0.06070028576936288,
CHOCÓ;ISTMINA;2024-S1;492;0.0;0.0;0.0;0.0,
BOYACÁ;PÁEZ;2024-S1;91;0.0;3.244;0.1698021978021978;0.5716976710694449,
CUNDINAMARCA;QUETAME;2024-S1;91;0.0;0.0;0.0;0.0,
META;ACACÍAS;2024-S1;91;0.0;5.4;0.08791208791208792;0.586673326635524,
VAUPES;MITÚ;2024-S1;4664;0.0;13.4;0.09734133790737565;0.6471579651235638,
ANTIOQUIA;LA UNIÓN;2024-S1;89;0.0;1.6;0.0348314606741573;0.18531369202928316,
ANTIOQUIA;LIBORINA;2024-S1;4;0.0;0.0;0.0;0.0,
ANTIOQUIA;TITIRIBÍ;2024-S1;8;0.0;0.8;0.1625;0.26692695630078284,
ANTIOQUIA;CAUCASIA;2024-S1;4521;0.0;19.6;0.09988940499889405;0.8819841299395101,
ATLANTICO;SABANAGRANDE;2024-S1;4922;0.0;10.2;0.04323445753758634;0.4193839424294273,
ATLANTICO;SABANALARGA;2024-S1;4572;0.0;16.6;0.06699475065616799;0.7224725871753667,
ARAUCA;ARAUCA;2024-S1;4679;0.0;0.0;0.0;0.0,
CESAR;PAILITAS;2024-S1;3726;0.0;11.8;0.03027375201288245;0.31643361667899556,
BOLÍVAR;SANTA CATALINA;2024-S1;1354;0.0;2.8;0.007237813884785819;0.11600987999801485,
VALLE DEL CAUCA;CALI;2024-S1;2751;0.0;0.5;0.0077789894583787725;0.02962510989985412,
TOLIMA;IBAGUÉ;2024-S1;2182;0.0;7.5;0.042621448212648946;0.3426280055219005,
BOLIVAR;SANTA CATALINA;2024-S1;2110;0.0;7.6;0.04161137440758294;0.3957973396289822,
BOLIVAR;CARTAGENA DE INDIAS;2024-S1;3309;0.0;0.3;0.0010879419764279238;0.013866737154072653,
ARCHIPIELAGO DE SAN ANDRES PROVIDENCIA Y SANTA CATALINA;SAN ANDRÉS;2024-S1;14512;0.0;6.7;0.009027012127894156;0.12345313614992927,
CORDOBA;MONTERÍA;2024-S1;14450;0.0;12.7;0.00841522491349481;0.13964765600703552,
BOGOTÁ;BOGOTÁ D.C;2024-S1;2022;0.0;3.1;0.010781404549950545;0.09162064231587021,
BOLIVAR;SAN JACINTO DEL CAUCA;2024-S1;2045;0.0;19.0;0.1606356968215159;1.1553036836964934,
CORDOBA;AYAPEL;2024-S1;8270;0.0;26.0;0.11087061668681983;0.9659264960829209,
ARCHIPIELAGO DE SAN ANDRES PROVIDENCIA Y SANTA CATALINA;SAN ANDRES Y  PROVIDENCIA;2024-S1;2081;0.0;10.8;0.03959634790965881;0.4164162932623412,
BOLIVAR;MAGANGUÉ;2024-S1;2045;0.0;23.7;0.1743276283618582;1.284397983601023,
CHOCO;NÓVITA;2024-S1;2084;5.3;6.7;6.675815738963531;0.13150247610294064,
CORDOBA;PUEBLO NUEVO;2024-S1;2081;0.0;1.8;0.02369053339740509;0.10941728677826587,
CHOCO;CÉRTEGUI;2024-S1;2515;0.0;27.971;1.771830218687873;5.0342312323172935,
CHOCO;BAHÍA SOLANO;2024-S1;2085;0.0;0.0;0.0;0.0,
CORDOBA;CHINÚ;2024-S1;1301;0.0;12.7;0.0951575710991545;0.5726722063462488,
CAQUETA;SOLANO;2024-S1;1044;0.0;0.0;0.0;0.0,
META;PUERTO GAITÁN;2024-S1;176;0.0;28.81;1.6798295454545453;5.392508186568453,
CHOCO;TADÓ;2024-S1;101;0.0;28.308;19.137900990099013;10.854402428051898,
BOYACÁ;LA CAPILLA;2024-S1;26;0.0;0.6;0.07307692307692307;0.1778936588137808,
CHOCO;UNIÓN PANAMERICANA;2024-S1;361;0.0;27.44;12.457346260387812;6.008421432483432,
CHOCO;ISTMINA;2024-S1;406;0.0;0.0;0.0;0.0,
CHOCO;RIO IRÓ;2024-S1;101;0.0;5.4;0.15841584158415842;0.7409814203787668,
HUILA;SAN AGUSTÍN;2024-S1;220;0.0;0.5;0.008909090909090908;0.04951537659876703,
CHOCO;MEDIO SAN JUAN;2024-S1;3;19.2;22.5;21.333333333333332;1.8502252115170745,
BOYACÁ;CUÍTIVA;2024-S2;70384;0.0;26.0;0.06838201864060013;0.7074273679134684,
MAGDALENA;SANTA MARTA;2024-S2;137112;0.0;29.6;0.04951514090670402;0.700550429035894,
BOYACÁ;CHISCAS;2024-S2;103552;0.0;3.1;0.003890412546353523;0.055564633518543106,
ANTIOQUIA;NECHÍ;2024-S2;68277;0.0;20.1;0.03122427757517172;0.4648797397784327,
CASANARE;YOPAL;2024-S2;81640;0.0;26.9;0.09194047035766781;0.6473215630396829,
HUILA;SAN AGUSTÍN;2024-S2;29450;0.0;17.6;0.04708149405772496;0.6191255778797261,
SUCRE;SAN BENITO ABAD;2024-S2;41563;0.0;23.9;0.2308880494670741;0.616678779784468,
CHOCO;BAHÍA SOLANO;2024-S2;3569;0.0;0.0;0.0;0.0,
BOYACÁ;GUACAMAYAS;2024-S2;120564;0.0;9.6;0.008823529411764706;0.09189934343808606,
BOYACÁ;SOGAMOSO;2024-S2;295139;0.0;12.2;0.009810292777301543;0.12768665755264716,
CUNDINAMARCA;GUTIÉRREZ;2024-S2;35592;0.0;10.2;0.029453247920881095;0.19984499628345365,
ANTIOQUIA;CAUCASIA;2024-S2;67997;0.0;17.2;0.024686383222789238;0.3573742539558039,
ARCHIPIELAGO DE SAN ANDRES PROVIDENCIA Y SANTA CATALINA;SAN ANDRES Y  PROVIDENCIA;2024-S2;61243;0.0;23.5;0.04484920725633951;0.4409295937815533,
TOLIMA;PIEDRAS;2024-S2;37881;0.0;2.6;0.0004910113249386236;0.02010457558846481,
MAGDALENA;SAN SEBASTIÁN DE BUENAVISTA;2024-S2;35753;0.0;24.4;0.03045338852683691;0.4270876342780372,
NARIÑO;ALDANA;2024-S2;226489;0.0;27.0;0.007128293206292579;0.16765711368970249,
CORDOBA;PUEBLO NUEVO;2024-S2;35870;0.0;23.6;0.04164761639252858;0.5707863005682807,
BOLIVAR;MAGANGUÉ;2024-S2;63768;0.0;20.6;0.037206749466817214;0.4584466581234074,
BOYACÁ;AQUITANIA;2024-S2;157819;0.0;29.5;0.03800068432824945;0.4859841360747587,
BOLIVAR;SANTA CATALINA;2024-S2;38689;0.0;13.8;0.028736850267517905;0.3406477664579922,
SUCRE;MAJAGUAL;2024-S2;35005;0.0;16.5;0.015294957863162404;0.31614785337150164,
CORDOBA;MONTERÍA;2024-S2;282137;0.0;25.9;0.01338108791119208;0.27160476456995397,
TOLIMA;MARIQUITA;2024-S2;48859;0.0;24.3;0.05333715385087701;0.5486302925107439,
CORDOBA;AYAPEL;2024-S2;131839;0.0;30.0;0.050070161333141176;0.6021102272524343,
LA GUAJIRA;RIOHACHA;2024-S2;257440;0.0;24.2;0.006036357986326911;0.2615591243814202,
HUILA;CAMPOALEGRE;2024-S2;74745;0.0;23.7;0.03334002274399626;0.4367171695913842,
ATLANTICO;SUAN;2024-S2;26102;0.0;9.1;0.011527852271856561;0.1840443263426012,
CORDOBA;CHINÚ;2024-S2;18480;0.0;22.7;0.06931818181818182;0.43882566484465646,
BOLIVAR;CARTAGENA DE INDIAS;2024-S2;178702;0.0;28.6;0.011984756745867423;0.30509045477956814,
ATLANTICO;SABANALARGA;2024-S2;32213;0.0;15.2;0.026728339490267903;0.3784755288407629,
NARIÑO;TANGUA;2024-S2;70698;0.0;7.5;0.01663271945458146;0.1486991171206822,
ATLANTICO;SOLEDAD;2024-S2;225844;0.0;28.9;0.012371459945803298;0.31497723310540204,
BOYACÁ;SOCOTÁ;2024-S2;33001;0.0;12.9;0.13185358019453958;0.32626980453065174,
VICHADA;LA PRIMAVERA;2024-S2;24266;0.0;29.5;0.0567831533833347;0.6098885830881688,
HUILA;SANTA MARÍA;2024-S2;56332;0.0;18.2;0.035530426755662856;0.35127806654913196,
NARIÑO;PASTO;2024-S2;94094;0.0;29.1;0.037288243671222396;0.5049131092742684,
CUNDINAMARCA;JUNÍN;2024-S2;35708;0.0;15.5;0.002520443598073261;0.1883337576787716,
HUILA;SUAZA;2024-S2;36396;0.0;8.7;0.02507143642158479;0.22231421632005416,
CUNDINAMARCA;GUAYABETAL;2024-S2;537944;0.0;19.9;0.00035133768570706243;0.07420342089222794,
CHOCO;CÉRTEGUI;2024-S2;35769;0.0;29.915;0.32388062288573904;2.464913845178769,
TOLIMA;ATACO;2024-S2;36579;0.0;13.9;0.04926870608819267;0.40855536918536806,
BOLIVAR;SAN JACINTO DEL CAUCA;2024-S2;35015;0.0;21.0;0.08926460088533486;0.779336924001006,
CESAR;VALLEDUPAR;2024-S2;273356;0.0;30.0;0.00500556051449392;0.19105704036893495,
QUINDÍO;ARMENIA;2024-S2;210806;0.0;28.0;0.01897921785907422;0.30521576146509577,
HUILA;NEIVA;2024-S2;35283;0.0;1.0;0.0007368987897854491;0.02060589555357144,
ANTIOQUIA;MEDELLÍN;2024-S2;187159;0.0;21.9;0.01481734781656239;0.26006829747745136,
BOYACÁ;LABRANZAGRANDE;2024-S2;33648;0.0;9.1;0.028830836899667138;0.22389179538244935,
TOLIMA;RONCESVALLES;2024-S2;53987;0.0;12.6;0.02725841406264471;0.2635884566582627,
ATLANTICO;SABANAGRANDE;2024-S2;38367;0.0;16.6;0.02770662287903667;0.41331682236005046,
MAGDALENA;EL BANCO;2024-S2;56573;0.0;18.4;0.04171495236243438;0.3683039283344135,
CUNDINAMARCA;CÁQUEZA;2024-S2;38233;0.0;2.5;0.006392383543012581;0.07055842881994635,
SUCRE;SAN PEDRO;2024-S2;35925;0.0;4.3;0.006800278357689631;0.0860768055685573,
ANTIOQUIA;VALDIVIA;2024-S2;53511;0.0;17.4;0.033548803049840224;0.39670861985292283,
NARIÑO;MALLAMA;2024-S2;35918;0.0;7.8;0.05027284369953784;0.2719247035699562,
LA GUAJIRA;URUMITA;2024-S2;37838;0.0;26.4;0.03539827686452773;0.7753048033324347,
CHOCO;NÓVITA;2024-S2;10017;2.0;12.7;6.697264650094839;0.09157013158700779,
AMAZONAS;LETICIA;2024-S2;223938;0.0;25.0;0.01378595861354482;0.23036620021852341,
CUNDINAMARCA;PACHO;2024-S2;37422;0.0;8.5;0.01611084388862167;0.16905024365752905,
HUILA;LA ARGENTINA;2024-S2;36577;0.0;10.0;0.02226262405336687;0.20521561818300027,
SUCRE;SAMPUÉS;2024-S2;38207;0.0;27.2;0.03530243149161149;0.6560412318604381,
HUILA;GARZÓN;2024-S2;37896;0.0;6.7;0.021086658222503694;0.1946303618114806,
MAGDALENA;ARACATACA;2024-S2;70343;0.0;20.6;0.021565187723014374;0.2920047075110349,
GUAINÍA;INÍRIDA;2024-S2;34527;0.0;18.5;0.054163408347090686;0.48917787702150073,
ARCHIPIELAGO DE SAN ANDRES PROVIDENCIA Y SANTA CATALINA;SAN ANDRÉS;2024-S2;263287;0.0;30.0;0.0770539373383418;1.0957609917119928,
NARIÑO;IMUÉS;2024-S2;35022;0.0;7.4;0.01856547313117469;0.16230091594112536,
LA GUAJIRA;MAICAO;2024-S2;36955;0.0;26.8;0.012366391557299418;0.5539353899832227,
ARAUCA;ARAUCA;2024-S2;15046;0.0;0.0;0.0;0.0,
ARAUCA;SARAVENA;2024-S2;53742;0.0;20.5;0.031022291689925943;0.30449085425353256,
CUNDINAMARCA;ANOLAIMA;2024-S2;37850;0.0;11.9;0.023080581241743725;0.2808627813222639,
TOLIMA;IBAGUÉ;2024-S2;49862;0.0;12.6;0.01656211142754001;0.23284223123336822,
BOGOTÁ;BOGOTA D.C;2024-S2;395808;0.0;1.7;0.0010638996685261542;0.014814027847799591,
NORTE DE SANTANDER;CHINÁCOTA;2024-S2;22801;0.0;13.2;0.00581992017893952;0.1571703870081507,
CESAR;PAILITAS;2024-S2;36959;0.0;12.8;0.012651857463675965;0.21856103646038819,
BOGOTÁ;BOGOTÁ D.C;2024-S2;8862495;0.0;23.5;0.003252515459811261;0.08364742624071109,
NARIÑO;IPIALES;2024-S2;35302;0.0;27.97;0.016169622117727038;0.2102733848044537,
ANTIOQUIA;PUERTO BERRÍO;2024-S2;38133;0.0;0.1;2.6224005454593136e-06;0.0005120937946762598,
VALLE DEL CAUCA;CALI;2024-S2;81960;0.0;12.4;0.012801366520253783;0.1344804950673846,
NORTE DE SANTANDER;CÚCUTA;2024-S2;262699;0.0;25.2;0.010700231062927534;0.27243265325221194,
RISARALDA;LA VIRGINIA;2024-S2;114701;0.0;2.0;0.007778240817429665;0.0664397817388166,
CASANARE;OROCUÉ;2024-S2;32969;0.0;16.4;0.070493493888198;0.3808243427338088,
TOLIMA;VALLE DE SAN JUAN;2024-S2;38260;0.0;25.2;0.022456874019864088;0.47509238561817996,
CAQUETA;SOLANO;2024-S2;36242;0.0;24.1;0.021808950940897305;0.28839583691122406,
CASANARE;TÁMARA;2024-S2;31808;0.0;14.3;0.20383236921529174;0.5594615519412407,
CASANARE;NUNCHÍA;2024-S2;33767;0.0;16.0;0.2308289158053721;0.6122054936915777,
CHOCO;RIO IRÓ;2024-S2;9477;0.0;30.0;2.3408568112271815;4.859314992393801,
CHOCO;MEDIO SAN JUAN;2024-S2;20;19.4;24.5;21.95;1.7925283525615152,
VALLE DEL CAUCA;PALMIRA;2024-S2;217178;0.0;27.3;0.008199720966212047;0.3698417494516443,
META;PUERTO GAITÁN;2024-S2;35040;0.0;18.1;0.03818207762557077;0.5238076417641309,
SANTANDER;LEBRIJA;2024-S2;247053;0.0;26.5;0.012770215297932022;0.38459089712883904,
BOYACÁ;MACANAL;2024-S2;4956;0.0;4.4;0.051876513317191286;0.2537757451862442,
MAGDALENA;PLATO;2024-S2;29538;0.0;11.2;0.032036698490080576;0.2363484092310658,
NORTE DE SANTANDER;TIBÚ;2024-S2;154;0.0;2.0;0.05194805194805195;0.21909522185116306,
ATLANTICO;JUAN DE ACOSTA;2024-S2;30844;0.0;14.5;0.029260147840746986;0.3412284877714169,
CHOCO;UNIÓN PANAMERICANA;2024-S2;1235;0.005;29.727;16.7467991902834;7.64145472502364,
ANTIOQUIA;RIONEGRO;2024-S2;260557;0.0;29.1;0.009595597124621484;0.18659469151283478,
CESAR;AGUSTÍN CODAZZI;2024-S2;24728;0.0;12.4;0.022585732772565512;0.29187067868189753,
CHOCO;QUIBDÓ;2024-S2;35190;0.0;26.0;0.17493037794828073;0.8506759298483122,
RISARALDA;PEREIRA;2024-S2;206520;0.0;17.9;0.000999418942475305;0.07229728808040735,
CALDAS;MANIZALES;2024-S2;52607;0.0;15.9;0.02800197692322315;0.3781268222388225,
AMAZONAS;PUERTO NARIÑO;2024-S2;17426;0.0;28.0;0.030465970389073796;0.4835079619682414,
CUNDINAMARCA;SILVANIA;2024-S2;18521;0.0;12.0;0.03319475190324496;0.33290331152367336,
SANTANDER;GIRÓN;2024-S2;38508;0.0;14.5;0.01642775527163187;0.23799112302514833,
ATLANTICO;MANATÍ;2024-S2;18650;0.0;26.2;0.05270777479892762;0.7488152924340562,
CUNDINAMARCA;NEMOCÓN;2024-S2;18452;0.0;9.6;0.022225233037069154;0.21530454587255898,
CAQUETA;FLORENCIA;2024-S2;52954;0.0;15.0;0.01685613929070514;0.2626676263106639,
SANTANDER;BARRANCABERMEJA;2024-S2;54915;0.0;28.81;0.028194810161158153;0.501346700872502,
NORTE DE SANTANDER;PAMPLONA;2024-S2;18433;0.0;4.2;0.013649433081972551;0.11962982786897278,
SANTANDER;TONA;2024-S2;36948;0.0;8.6;0.0237631265562412;0.20283774382566566,
CHOCO;LLORÓ;2024-S2;9148;0.0;12.7;0.210002186270223;0.7698451185141624,
PUTUMAYO;SANTIAGO;2024-S2;18276;0.0;5.8;0.028365068942875903;0.18159583636307755,
BOYACÁ;EL ESPINO;2024-S2;1054;0.0;2.1;0.02153700189753321;0.11588509084468834,
TOLIMA;VENADILLO;2024-S2;17647;0.0;9.6;0.013090043633478779;0.21964808075404127,
BOYACÁ;SOCHA;2024-S2;21241;0.0;12.3;0.03053057765641919;0.2962581234743909,
CUNDINAMARCA;SAN CAYETANO;2024-S2;18428;0.0;8.9;0.03104514868678098;0.27189881713106856,
TOLIMA;CHAPARRAL;2024-S2;18415;0.0;23.4;0.08076024979636165;0.6703277348453537,
ATLANTICO;REPELÓN;2024-S2;2070;0.0;1.5;0.003526570048309179;0.05387029532622074,
CUNDINAMARCA;FACATATIVÁ;2024-S2;16908;0.0;3.6;0.013603028152353916;0.11294393257462457,
META;VILLAVICENCIO;2024-S2;34451;0.0;22.2;0.07066268032858262;0.6173504595200452,
SANTANDER;PUENTE NACIONAL;2024-S2;32296;0.0;15.8;0.0529291553133515;0.42640378263605266,
BOYACÁ;SANTA MARÍA;2024-S2;18463;0.0;3.6;0.010372095542436224;0.08809043905258179,
META;GRANADA;2024-S2;17897;0.0;15.6;0.05062859697155948;0.46811352950137963,
MAGDALENA;PIVIJAI;2024-S2;18318;0.0;0.3;0.0192542854023365;0.04356187340902552,
CESAR;AGUACHICA;2024-S2;18810;0.0;6.4;0.010233918128654972;0.16642209600601812,
ANTIOQUIA;SONSÓN;2024-S2;33170;0.0;10.2;0.028414229725655712;0.23469777816714563,
TOLIMA;CAJAMARCA;2024-S2;18672;0.0;6.1;0.015247429305912595;0.15730461174095386,
ANTIOQUIA;SANTA ROSA DE OSOS;2024-S2;18722;0.0;7.8;0.020248905031513727;0.17682237543534834,
CORDOBA;LORICA;2024-S2;16495;0.0;29.7;0.05341618672324947;0.9221413506945308,
CUNDINAMARCA;ZIPAQUIRÁ;2024-S2;18634;0.0;9.2;0.03140495867768595;0.2665185500255945,
CUNDINAMARCA;BOJACÁ;2024-S2;18432;0.0;4.2;0.011490885416666666;0.12453074645608736,
CUNDINAMARCA;NARIÑO;2024-S2;7672;0.0;4.3;0.07012513034410844;0.22640591330579063,
SANTANDER;BUCARAMANGA;2024-S2;18061;0.0;2.8;0.004158130779026632;0.05325388135345558,
BOLIVAR;ARJONA;2024-S2;18344;0.0;13.8;0.04574792847797645;0.42150062643541,
BOYACÁ;VILLA DE LEIVA;2024-S2;36846;0.0;13.4;0.025739564674591545;0.23632807564795555,
QUINDÍO;CALARCÁ;2024-S2;18682;0.0;7.4;0.03953538165078685;0.26523885396008207,
CUNDINAMARCA;CABRERA;2024-S2;33103;0.0;6.8;0.020804760897803826;0.17050162526014806,
SANTANDER;SABANA DE TORRES;2024-S2;35496;0.0;22.4;0.07583389677710164;0.7065027146680811,
BOYACÁ;PAIPA;2024-S2;18537;0.0;7.4;0.017527107946269622;0.17271778434529075,
BOYACÁ;CHINAVITA;2024-S2;18718;0.0;0.0;0.0;0.0,
CASANARE;MANI;2024-S2;17836;0.0;13.6;0.008623009643417808;0.18299961182027646,
BOYACÁ;LA CAPILLA;2024-S2;18652;0.0;1.4;0.003908428050611195;0.03373444440036251,
SANTANDER;MOGOTES;2024-S2;21235;0.0;17.1;0.06430892394631504;0.5641423198979871,
CUNDINAMARCA;GIRARDOT;2024-S2;32684;0.0;7.8;0.013593807367519275;0.18211248293781898,
CAUCA;PATÍA;2024-S2;34075;0.0;11.8;0.017531914893617023;0.20957493617375988,
CALDAS;MANZANARES;2024-S2;18519;0.0;12.0;0.07856795723311194;0.5003187029551475,
HUILA;BARAYA;2024-S2;18766;0.0;21.5;0.049595012256208035;0.5195363651858268,
CUNDINAMARCA;VILLETA;2024-S2;36132;0.0;24.6;0.0348942765415698;0.5702418412855146,
CORDOBA;MONTELÍBANO;2024-S2;18523;0.0;12.1;0.016881714625060735;0.24731481919744064,
QUINDÍO;SALENTO;2024-S2;18283;0.0;12.8;0.048777552918011266;0.3555166513601881,
CUNDINAMARCA;ANAPOIMA;2024-S2;18511;0.0;12.4;0.02854518934687483;0.3839708875172491,
ANTIOQUIA;SANTA BÁRBARA;2024-S2;18580;0.0;20.1;0.048110871905274494;0.4262590031904914,
CAUCA;CORINTO;2024-S2;18670;0.0;9.5;0.031676486341724694;0.3291737787437398,
HUILA;PITALITO;2024-S2;18776;0.0;9.0;0.03091712824882829;0.26590574374517384,
CUNDINAMARCA;QUEBRADANEGRA;2024-S2;18136;0.0;0.2;4.411116012351125e-05;0.0025719823042472455,
ANTIOQUIA;BELLO;2024-S2;18521;0.0;0.0;0.0;0.0,
SANTANDER;SURATÁ;2024-S2;35672;0.0;6.2;0.015578044404575019;0.1615757816658993,
HUILA;ALGECIRAS;2024-S2;17026;0.0;9.8;0.03941031363796547;0.347807538687176,
META;VISTAHERMOSA;2024-S2;18455;0.0;2.3;0.0079273909509618;0.081664110328735,
META;RESTREPO;2024-S2;16456;0.0;30.0;0.2432243558580457;1.5279064092683585,
META;PUERTO LÓPEZ;2024-S2;17532;0.0;9.4;0.006251425963951633;0.16351251888386611,
CUNDINAMARCA;SUESCA;2024-S2;18461;0.0;8.0;0.023974865933589728;0.21410813333304368,
CUNDINAMARCA;GUASCA;2024-S2;31049;0.0;8.7;0.012270926599890496;0.12982317778622124,
CORDOBA;PLANETA RICA;2024-S2;18518;0.0;15.5;0.021541203153688303;0.3539008896826971,
CUNDINAMARCA;PUERTO SALGAR;2024-S2;45279;0.0;24.0;0.02458755714569668;0.4075742931864089,
TOLIMA;ESPINAL;2024-S2;18514;0.0;19.2;0.029458787944258397;0.38557086728551376,
ANTIOQUIA;ARGELIA;2024-S2;18417;0.0;11.7;0.10105880436553183;0.4699176726814298,
ANTIOQUIA;YOLOMBÓ;2024-S2;18176;0.0;0.1;7.702464788732394e-05;0.0027743387429098004,
BOYACÁ;TIBASOSA;2024-S2;18651;0.0;13.4;0.01917323467910568;0.20946294806032104,
SANTANDER;PIEDECUESTA;2024-S2;18647;0.0;11.2;0.018726872955435195;0.22118087413258203,
BOYACÁ;CHITA;2024-S2;18086;0.0;7.4;0.02630764126949021;0.1791206401295786,
HUILA;SALADOBLANCO;2024-S2;18513;0.0;11.0;0.04893858369794199;0.40636955678228787,
TOLIMA;MELGAR;2024-S2;18284;0.0;6.0;0.009505578647998251;0.14288881823187913,
ANTIOQUIA;DABEIBA;2024-S2;34527;0.0;12.2;0.10787789266371245;0.28142381416866513,
SANTANDER;PÁRAMO;2024-S2;17795;0.0;28.4;0.09255408822703007;0.8036978790612678,
ANTIOQUIA;SANTA FE DE ANTIOQUIA;2024-S2;35501;0.0;12.8;0.013213712289794653;0.24409600094610995,
BOLIVAR;EL CARMÉN DE BOLÍVAR;2024-S2;36967;0.0;9.9;0.009641031189980252;0.19129205678664032,
CUNDINAMARCA;MOSQUERA;2024-S2;15004;0.0;8.5;0.013896294321514265;0.17022449755059055,
CAUCA;POPAYÁN;2024-S2;30511;0.0;0.3;0.0002949755825767756;0.005997227644647511,
NARIÑO;TUMACO;2024-S2;36870;0.0;9.0;0.01449959316517494;0.22743843343146783,
CORDOBA;PUERTO ESCONDIDO;2024-S2;3643;0.0;0.1;2.7449903925336262e-05;0.0016568012531784331,
BOYACÁ;TUNJA;2024-S2;18092;0.0;7.8;0.030378067654211808;0.2516722265656721,
NORTE DE SANTANDER;CÁCHIRA;2024-S2;18263;0.0;4.2;0.02485900454470788;0.17684274132760408,
SANTANDER;LOS SANTOS;2024-S2;16742;0.0;8.6;0.015338669215147534;0.1920187911654911,
CUNDINAMARCA;CHÍA;2024-S2;36556;0.0;9.0;0.021276944961155488;0.2131326930715908,
ANTIOQUIA;ANGOSTURA;2024-S2;36572;0.0;8.2;0.028289401728097997;0.2362358619856322,
VALLE DEL CAUCA;BUGALAGRANDE;2024-S2;18110;0.0;13.6;0.039171728326891225;0.4323244022176226,
NORTE DE SANTANDER;GRAMALOTE;2024-S2;18410;0.0;3.0;0.0030744160782183597;0.05930500304225947,
ANTIOQUIA;ABRIAQUÍ;2024-S2;18559;0.0;9.0;0.016509510210679455;0.15007658462208315,
LA GUAJIRA;URIBIA;2024-S2;49480;0.0;17.6;0.027283751010509297;0.3839197679831857,
HUILA;COLOMBIA;2024-S2;17724;0.0;16.2;0.037745429925524716;0.35807388992503103,
BOYACÁ;MOTAVITA;2024-S2;10675;0.0;4.0;0.025573770491803278;0.16134225973281804,
BOYACÁ;MONIQUIRÁ;2024-S2;13681;0.0;17.0;0.07790366201301074;0.5401030249502581,
NORTE DE SANTANDER;ARBOLEDAS;2024-S2;18281;0.0;3.8;0.00489579344674799;0.08225215622618992,
NARIÑO;EL TABLÓN;2024-S2;18228;0.0;13.4;0.04204520517884574;0.27447277148220506,
CHOCO;EL CARMEN;2024-S2;18430;0.0;2.8;0.01095496473141617;0.06632046658345155,
CALDAS;BELALCAZAR;2024-S2;18411;0.0;9.0;0.008179892455597196;0.16941733361008118,
BOYACÁ;ZETAQUIRÁ;2024-S2;18431;0.0;1.5;0.0039010362975421846;0.03806890081749596,
CORDOBA;SAHAGÚN;2024-S2;18432;0.0;18.6;0.028276909722222226;0.4853975365855198,
CUNDINAMARCA;MEDINA;2024-S2;33251;0.0;30.0;0.32018285164355964;2.0376844095763302,
RISARALDA;SANTA ROSA DE CABAL;2024-S2;18286;0.0;12.3;0.049004703051514824;0.3700148091838251,
CESAR;CURUMANÍ;2024-S2;18435;0.0;0.8;0.0008679142934635204;0.011890137055130598,
LA GUAJIRA;DIBULLA;2024-S2;18426;0.0;4.0;0.017665255617062846;0.16928294128107885,
VALLE DEL CAUCA;ZARZAL;2024-S2;18411;0.0;4.4;0.010102656020857097;0.10108614543292091,
VALLE DEL CAUCA;ARGELIA;2024-S2;7422;0.0;6.7;0.026556184316895715;0.25592448524274614,
QUINDÍO;PIJAO;2024-S2;18287;0.0;13.8;0.03639744080494341;0.42390131571170514,
NORTE DE SANTANDER;OCAÑA;2024-S2;6193;0.0;9.0;0.02525431939286291;0.267528351164571,
VALLE DEL CAUCA;FLORIDA;2024-S2;28208;0.0;9.3;0.013198383437322745;0.14230803678467663,
VALLE DEL CAUCA;CARTAGO;2024-S2;9367;0.0;4.1;0.015832176790861536;0.15908735286149497,
HUILA;PALERMO;2024-S2;34645;0.0;18.4;0.04750757685091644;0.4458100514655057,
HUILA;ISNOS;2024-S2;18389;0.0;9.0;0.03487954755560389;0.32534751238881404,
HUILA;LA PLATA;2024-S2;34898;0.0;14.8;0.053389879076164826;0.4111424815852316,
ANTIOQUIA;VENECIA;2024-S2;11977;0.0;26.5;0.09910662102362862;0.8003767295606429,
SANTANDER;SOCORRO;2024-S2;18278;0.0;17.0;0.05726009410219936;0.5035102249918769,
TOLIMA;FRESNO;2024-S2;18409;0.0;2.6;0.011885490792547122;0.08228571878655921,
NARIÑO;CUMBITARA;2024-S2;18468;0.0;6.9;0.022059779077322934;0.17696943482808672,
CUNDINAMARCA;NIMAIMA;2024-S2;18411;0.0;5.8;0.013046548259192874;0.15603837657812053,
ANTIOQUIA;SAN ROQUE;2024-S2;17339;0.0;14.0;0.025641617163619585;0.3030813927998519,
CALDAS;PENSILVANIA;2024-S2;18410;0.0;7.2;0.052417164584464965;0.2708277676521284,
CUNDINAMARCA;CARMEN DE CARUPA;2024-S2;18283;0.0;5.6;0.014384947765683968;0.13644027212620366,
CHOCO;ALTO BAUDÓ;2024-S2;12468;0.0;6.7;0.03073468078280398;0.15045783723820588,
HUILA;TESALIA;2024-S2;18391;0.0;17.6;0.0846936001304986;0.6454425179368576,
TOLIMA;PLANADAS;2024-S2;25009;0.0;4.3;0.019768883202047265;0.14434951608960045,
VALLE DEL CAUCA;LA CUMBRE;2024-S2;6742;0.0;1.2;0.0021655295164639573;0.032518713631534676,
SUCRE;MORROA;2024-S2;12304;0.0;19.0;0.030705461638491544;0.4738362650014017,
ARAUCA;TAME;2024-S2;17806;0.0;1.2;0.0006514657980456026;0.022523279475313827,
NORTE DE SANTANDER;SARDINATA;2024-S2;8579;0.0;11.8;0.049050005828185105;0.44389590180838856,
PUTUMAYO;MOCOA;2024-S2;35112;0.0;14.4;0.04495898838004101;0.430353015500093,
CAQUETA;MORELIA;2024-S2;3708;0.0;11.9;0.01982200647249191;0.3753222093939874,
CHOCO;ISTMINA;2024-S2;4;0.4;0.6;0.5;0.1154700538379252,
BOYACÁ;PAJARITO;2024-S2;13076;0.0;12.53;0.04483442948914042;0.42655830563959474,
CASANARE;AGUAZUL;2024-S2;10554;0.0;7.2;0.023251847640704943;0.2716445656990309,
BOYACÁ;CAMPOHERMOSO;2024-S2;18125;0.0;0.0;0.0;0.0,
NORTE DE SANTANDER;DURANIA;2024-S2;17313;0.0;0.1;1.1552012938254491e-05;0.001074771866709281,
CASANARE;TRINIDAD;2024-S2;17287;0.0;15.8;0.04385954763695263;0.44153535588364223,
VAUPES;MITÚ;2024-S2;16809;0.0;11.0;0.04360759117139627;0.42416278343740327,
VALLE DEL CAUCA;BUENAVENTURA;2024-S2;17683;0.0;2.0;0.02268845784086411;0.1033751727913185,
CORDOBA;PUERTO LIBERTADOR;2024-S2;34582;0.0;18.7;0.0493551558614308;0.5483826552904963,
ANTIOQUIA;CÁCERES;2024-S2;17461;0.0;21.0;0.03529007502433996;0.4983256188860296,
SANTANDER;CIMITARRA;2024-S2;34121;0.0;17.4;0.041675214677178274;0.42874027712185564,
ANTIOQUIA;VIGIA DEL FUERTE;2024-S2;17683;0.0;0.0;0.0;0.0,
LA GUAJIRA;FONSECA;2024-S2;34430;0.0;26.4;0.016950334011036888;0.40525419410114294,
TOLIMA;ARMERO;2024-S2;17278;0.0;13.0;0.012165759925917353;0.21482675094194834,
TOLIMA;ALPUJARRA;2024-S2;17194;0.0;17.6;0.06602303128998488;0.5263692060572148,
HUILA;AGRADO;2024-S2;17003;0.0;13.1;0.05264365112039052;0.4841025631060212,
TOLIMA;SAN ANTONIO;2024-S2;17147;0.0;0.0;0.0;0.0,
TOLIMA;GUAMO;2024-S2;17099;0.0;10.8;0.021445698578864265;0.2509714267706132,
HUILA;ALTAMIRA;2024-S2;17266;0.0;9.7;0.03863083516738098;0.34643801908602817,
HUILA;AIPE;2024-S2;17101;0.0;21.1;0.05009648558563827;0.4847108223809968,
TOLIMA;SALDAÑA;2024-S2;17254;0.0;11.9;0.03188825779529385;0.34816882594569376,
ANTIOQUIA;EL BAGRE;2024-S2;20381;0.0;18.6;0.12758451498945098;0.6453438572542748,
ANTIOQUIA;SAN CARLOS;2024-S2;16583;0.0;12.7;0.08827112102755835;0.5792708710716584,
CUNDINAMARCA;SAN FRANCISCO;2024-S2;17062;0.0;7.8;0.030195756652209593;0.23660692064415767,
SANTANDER;SAN VICENTE DE CHUCURÍ;2024-S2;20283;0.0;13.0;0.06567075876349653;0.49922761312796776,
CUNDINAMARCA;CHOACHÍ;2024-S2;15010;0.0;11.2;0.029287141905396403;0.2643805714797268,
HUILA;TERUEL;2024-S2;15992;0.0;9.3;0.07101050525262631;0.45920163500834976,
CUNDINAMARCA;GUADUAS;2024-S2;16966;0.0;14.9;0.030732052339974066;0.38773688806387074,
BOYACÁ;BUENAVISTA;2024-S2;16785;0.0;7.4;0.039154006553470365;0.30003455342925595,
TOLIMA;RIOBLANCO;2024-S2;16535;0.0;10.9;0.050015119443604476;0.3756384425478652,
CASANARE;HATO COROZAL;2024-S2;13218;0.0;16.4;0.050764109547586624;0.5267453277186265,
BOLIVAR;SAN PABLO;2024-S2;16930;0.0;13.3;0.03487300649734199;0.41137260366013106,
BOYACÁ;RAMIRIQUÍ;2024-S2;16631;0.0;10.7;0.025843304671998076;0.24285738246385746,
BOYACÁ;SAMACÁ;2024-S2;16846;0.0;9.1;0.02762673631722664;0.22153603346623202,
ANTIOQUIA;AMALFI;2024-S2;16871;0.0;7.7;0.027295358899887382;0.250564328949089,
ANTIOQUIA;FREDONIA;2024-S2;48305;0.0;19.8;0.05653245005692993;0.44126118751070387,
ANTIOQUIA;URAMITA;2024-S2;17078;0.0;8.0;0.018936643635086074;0.13988842069131235,
ANTIOQUIA;REMEDIOS;2024-S2;16907;0.0;17.5;0.04696279647483291;0.49166310830350257,
CASANARE;TAURAMENA;2024-S2;16214;0.0;1.212;0.00757518194153201;0.041872906197632336,
ANTIOQUIA;VEGACHÍ;2024-S2;9658;0.0;3.3;0.01613170428660178;0.11770240134949084,
ANTIOQUIA;TITIRIBÍ;2024-S2;16826;0.0;10.9;0.03347200760727446;0.29279496148154543,
ANTIOQUIA;SAN VICENTE;2024-S2;16680;0.0;11.2;0.05225419664268585;0.4178503456238657,
SANTANDER;PUERTO PARRA;2024-S2;16939;0.0;13.0;0.06156797921955252;0.5113287819993861,
SANTANDER;VETAS;2024-S2;16067;0.0;2.4;0.010705172091865315;0.07200543155586646,
SANTANDER;SIMACOTA;2024-S2;16879;0.0;19.8;0.05897861247704248;0.5569879889346455,
QUINDÍO;BUENAVISTA;2024-S2;16696;0.0;13.1;0.08024676569238141;0.484309383055959,
SANTANDER;PUERTO WILCHES;2024-S2;16930;0.0;30.0;0.29043118724158296;2.7426173447490667,
ANTIOQUIA;LIBORINA;2024-S2;16945;0.0;8.6;0.01714960165240484;0.1946790301932058,
ANTIOQUIA;ARMENIA;2024-S2;16832;0.0;17.3;0.12783982889733841;0.7680110825275086,
ANTIOQUIA;ZARAGOZA;2024-S2;13666;0.0;21.6;0.09009219961949363;0.8068694493947077,
ANTIOQUIA;SANTO DOMINGO;2024-S2;16926;0.0;14.3;0.058277206664303444;0.4943972869086053,
BOYACÁ;OTANCHE;2024-S2;16787;0.0;20.4;0.08080061952701496;0.6219467080016101,
CAQUETA;BELÉN DE LOS ANDAQUÍES;2024-S2;16319;0.0;23.0;0.05940927752926037;0.663514909324689,
ANTIOQUIA;FRONTINO;2024-S2;19463;0.0;9.1;0.039834557879052566;0.282237695397218,
ANTIOQUIA;SEGOVIA;2024-S2;16972;0.0;17.2;0.18231204336554324;0.9169788865839669,
BOYACÁ;PUERTO BOYACÁ;2024-S2;18118;0.0;5.8;0.0106635942156971;0.1437223521641809,
ANTIOQUIA;CALDAS;2024-S2;16523;0.0;15.9;0.05176420746837741;0.4167518749187495,
HUILA;ELÍAS;2024-S2;16535;0.0;8.3;0.03184759600846689;0.27409075920394177,
MAGDALENA;FUNDACIÓN;2024-S2;694;0.0;2.8;0.02564841498559078;0.2089051312033358,
CAUCA;LA SIERRA;2024-S2;17472;0.0;13.7;0.07928685897435897;0.5170535701287177,
CUNDINAMARCA;LA CALERA;2024-S2;17369;0.0;3.8;0.005066497783407221;0.06773042633476445,
BOYACÁ;JERICÓ;2024-S2;2803;0.0;12.7;0.17103103817338566;0.8466729024102704,
CUNDINAMARCA;CUCUNUBÁ;2024-S2;17382;0.0;11.4;0.035876193763663564;0.28362554550741625,
BOYACÁ;ARCABUCO;2024-S2;2816;0.0;29.5;0.3907670454545455;1.72439398505537,
MAGDALENA;ZONA BANANERA;2024-S2;17066;0.0;16.5;0.04214227118246807;0.44608077971527094,
SANTANDER;CHIMA;2024-S2;2830;0.0;29.5;0.3706007067137809;1.9368570761973172,
SANTANDER;GÁMBITA;2024-S2;788;0.0;0.0;0.0;0.0,
SANTANDER;CHARALÁ;2024-S2;2822;0.0;24.3;0.39386959603118354;1.7898037202357229,
ATLANTICO;BARRANQUILLA;2024-S2;32626;0.0;17.1;0.022246061423404646;0.3452834388408223,
SANTANDER;ENCINO;2024-S2;2814;0.0;29.1;0.5173418621179816;2.2968574426868167,
TOLIMA;MURILLO;2024-S2;17469;0.0;0.7;0.007750872974984258;0.03507534808753285,
SANTANDER;GUADALUPE;2024-S2;2795;0.0;19.4;0.3606797853309482;1.5464565343394694,
SANTANDER;EL CARMEN;2024-S2;2128;0.0;26.5;0.3663533834586466;1.79936400275559,
NARIÑO;TAMINANGO;2024-S2;17300;0.0;7.5;0.017739884393063583;0.1503268553771573,
SANTANDER;ZAPATOCA;2024-S2;2803;0.0;19.5;0.13085979307884407;0.9596276914375127,
BOLIVAR;EL GUAMO;2024-S2;11527;0.0;0.53;0.00010410340938665743;0.007001865569731893,
SANTANDER;PALMAR;2024-S2;2722;0.0;22.9;0.2519838354151359;1.5591786168724533,
CUNDINAMARCA;UNE;2024-S2;17387;0.0;3.6;0.008293552654281935;0.07981056806484556,
NARIÑO;CONTADERO;2024-S2;17290;0.0;6.1;0.0291844997108155;0.20374955642280734,
BOYACÁ;CORRALES;2024-S2;2610;0.0;15.2;0.12482758620689656;0.8052127916689493,
SANTANDER;CONFINES;2024-S2;2810;0.0;27.4;0.3321708185053381;1.7498748119803038,
SANTANDER;CURITÍ;2024-S2;2703;0.0;13.1;0.09870514243433223;0.7281953673071698,
SANTANDER;SUAITA;2024-S2;5668;0.0;28.6;0.30915666901905436;1.6450435027058052,
ANTIOQUIA;ENTRERRIOS;2024-S2;17445;0.0;0.0;0.0;0.0,
CUNDINAMARCA;SIMIJACA;2024-S2;2809;0.0;9.2;0.08835884656461374;0.52749520132661,
BOYACÁ;COVARACHÍA;2024-S2;2822;0.0;13.5;0.07813607370659106;0.623667951875256,
BOYACÁ;TUTA;2024-S2;19604;0.0;9.7;0.04013466639461335;0.3380857832884156,
SANTANDER;SAN BENITO;2024-S2;2822;0.0;0.0;0.0;0.0,
SANTANDER;OIBA;2024-S2;2814;0.0;25.0;0.3552594171997157;1.7583033585085037,
SANTANDER;ONZAGA;2024-S2;2831;0.0;18.9;0.24634404803956197;1.0833170597323487,
BOYACÁ;TASCO;2024-S2;2755;0.0;8.6;0.1137568058076225;0.5738075688070823,
ANTIOQUIA;GIRALDO;2024-S2;6896;0.0;3.7;0.1985788863109049;0.39981251463403544,
ANTIOQUIA;ANORÍ;2024-S2;14481;0.0;16.5;0.04963745597679718;0.44291698496369336,
NARIÑO;TÚQUERRES;2024-S2;8057;0.0;8.0;0.02464937321583716;0.1916208481968263,
CORDOBA;SAN JOSE DE URE;2024-S2;202;0.0;1.0;0.1207920792079208;0.18837711287034534,
BOYACÁ;PISVA;2024-S2;2528;0.0;25.6;21.972151898734175;3.3314108388421904,
META;ACACÍAS;2024-S2;14061;0.0;4.8;0.002460706919849228;0.06342234616385926,
BOYACÁ;PÁEZ;2024-S2;6865;0.0;16.78;0.010295120174799707;0.30086522038964825,
NARIÑO;BARBACOAS;2024-S2;5188;0.0;8.7;0.13843484965304548;0.5046947686669598,
CESAR;GAMARRA;2024-S2;11753;0.0;5.0;0.0008508465923593976;0.06522170621069653,
META;LEJANÍAS;2024-S2;11573;0.0;20.0;0.05863648146548;0.5916232630235504,
NORTE DE SANTANDER;TOLEDO;2024-S2;11022;0.0;6.2;0.013845037198330612;0.16606354976600649,
TOLIMA;VILLARRICA;2024-S2;410;0.0;0.0;0.0;0.0,
SANTANDER;FLORIDABLANCA;2024-S2;6740;0.0;2.4;0.009554896142433236;0.10181952374667881,
CORDOBA;TIERRALTA;2024-S2;2883;0.0;13.2;0.04970516822754076;0.5615815037507553,
CORDOBA;CHIMA;2024-S2;2211;0.0;2.9;0.004794210764360018;0.10087665818000024,
ANTIOQUIA;ANORÍ;2025-S1;8702;0.0;8.0;0.015984831073316483;0.21717606199340977,
BOGOTÁ;BOGOTÁ D.C;2025-S1;4677003;0.0;24.5;0.0010638068865895531;0.0848891940044775,
BOLIVAR;CARTAGENA DE INDIAS;2025-S1;68536;0.0;30.0;0.012502918174390101;0.43614064891589144,
CESAR;VALLEDUPAR;2025-S1;77301;0.0;19.0;0.0021396877142598413;0.12887743486241063,
ANTIOQUIA;SAN VICENTE;2025-S1;8760;0.0;4.0;0.014954337899543379;0.1180680293966488,
NARIÑO;TUMACO;2025-S1;18154;0.0;15.8;0.05400462707943153;0.4633338186331678,
SANTANDER;PUERTO WILCHES;2025-S1;8854;0.0;18.2;0.026338378134176645;0.47574133654229966,
BOYACÁ;PUERTO BOYACÁ;2025-S1;8920;0.0;0.6;0.00024955156950672643;0.010095799105081397,
NARIÑO;TAMINANGO;2025-S1;9029;0.0;4.8;0.011108649905858898;0.1087426642927608,
ARCHIPIELAGO DE SAN ANDRES PROVIDENCIA Y SANTA CATALINA;SAN ANDRÉS;2025-S1;68057;0.0;29.9;0.1946015839663811;1.5565989915725473,
BOYACÁ;SAMACÁ;2025-S1;7630;0.0;1.1;0.001546526867627785;0.029327568986465914,
HUILA;AGRADO;2025-S1;9062;0.0;15.1;0.0317810637828294;0.3753418121596004,
NARIÑO;CONTADERO;2025-S1;9084;0.0;4.7;0.025737560546014972;0.17072504017309595,
CAQUETA;BELÉN DE LOS ANDAQUÍES;2025-S1;8716;0.0;15.2;0.036025699862322166;0.3825703345041233,
SANTANDER;PUENTE NACIONAL;2025-S1;16300;0.0;10.4;0.021251533742331286;0.24093586943045803,
CESAR;AGUACHICA;2025-S1;9074;0.0;0.1;2.204099625303064e-05;0.00148453922001849,
ANTIOQUIA;SANTO DOMINGO;2025-S1;8836;0.0;9.5;0.02799909461294704;0.29962304632930575,
TOLIMA;SAN ANTONIO;2025-S1;9062;0.0;0.0;0.0;0.0,
SUCRE;SAN BENITO ABAD;2025-S1;8966;0.0;7.0;0.2755520856569262;0.6181130107447825,
CUNDINAMARCA;GIRARDOT;2025-S1;7832;0.0;1.5;0.0013406537282941778;0.03507826070931419,
TOLIMA;GUAMO;2025-S1;9045;0.0;7.8;0.011475953565505806;0.18853376264536895,
BOYACÁ;JERICÓ;2025-S1;1467;0.0;4.5;0.011997273346966599;0.18115298455305243,
NORTE DE SANTANDER;CHINÁCOTA;2025-S1;9100;0.0;0.0;0.0;0.0,
SANTANDER;PUERTO PARRA;2025-S1;8870;0.0;16.1;0.055828635851183764;0.6232277757546086,
BOYACÁ;SOCHA;2025-S1;10553;0.0;2.0;0.0018099118734009288;0.037571552513882805,
CHOCO;ALTO BAUDÓ;2025-S1;6914;0.0;2.8;0.013103847266415967;0.10418189997598948,
META;GRANADA;2025-S1;9084;0.0;6.4;0.018075737560546014;0.17684152077948695,
CALDAS;MANIZALES;2025-S1;18598;0.0;15.8;0.01814711259275191;0.42725889258089456,
CUNDINAMARCA;PACHO;2025-S1;10164;0.0;8.5;0.014600550964187328;0.2388419695016889,
ANTIOQUIA;EL BAGRE;2025-S1;17720;0.0;10.1;0.0921783295711061;0.3369084502133937,
LA GUAJIRA;DIBULLA;2025-S1;9086;0.0;2.5;0.00286154523442659;0.0654568634389157,
BOYACÁ;AQUITANIA;2025-S1;55713;0.0;14.4;0.005622745140272467;0.12201082884138605,
MAGDALENA;SANTA MARTA;2025-S1;33876;0.0;28.4;0.02688038729484001;0.5351278943404413,
HUILA;TESALIA;2025-S1;9086;0.0;12.2;0.05148580233325996;0.5038317613767386,
SANTANDER;SUAITA;2025-S1;2986;0.0;19.3;0.09032150033489618;0.8690799330923163,
ANTIOQUIA;RIONEGRO;2025-S1;83829;0.0;27.1;0.006327166016533658;0.21240527365416106,
HUILA;SUAZA;2025-S1;9972;0.0;3.7;0.011462093862815884;0.094402503047508,
CORDOBA;MONTERÍA;2025-S1;76242;0.0;26.4;0.0048910049578972225;0.20861503730140393,
LA GUAJIRA;URIBIA;2025-S1;26830;0.0;6.2;0.005199403652627656;0.1003896176705245,
CUNDINAMARCA;NIMAIMA;2025-S1;9088;0.0;0.0;0.0;0.0,
TOLIMA;MURILLO;2025-S1;9084;0.0;0.1;0.002509907529722589;0.015643466899147366,
BOGOTÁ;BOGOTA D.C;2025-S1;73257;0.0;0.6;0.0003740256903777113;0.009441189894120641,
CHOCO;QUIBDÓ;2025-S1;9600;0.0;18.9;0.13841666666666666;0.7781413108888228,
SANTANDER;PIEDECUESTA;2025-S1;9084;0.0;3.0;0.0018934390136503742;0.051454066473102314,
PUTUMAYO;MOCOA;2025-S1;17832;0.0;8.2;0.044420143562135486;0.29768561255753123,
VALLE DEL CAUCA;CALI;2025-S1;34116;0.0;5.5;0.003643451752843241;0.053398943183751116,
ANTIOQUIA;ARMENIA;2025-S1;8800;0.0;3.3;0.011715909090909091;0.12083830841511271,
BOYACÁ;BUENAVISTA;2025-S1;8780;0.0;4.5;0.014396355353075171;0.1398746044301929,
NARIÑO;EL TABLÓN;2025-S1;8984;0.0;16.6;0.06447016918967052;0.4649891912867525,
SANTANDER;SURATÁ;2025-S1;18172;0.0;8.2;0.0018710103455866164;0.11234327177017504,
AMAZONAS;LETICIA;2025-S1;59168;0.0;23.2;0.027891765819361817;0.31975429311434317,
CASANARE;YOPAL;2025-S1;19996;0.0;23.9;0.07204140828165632;0.6230224175090948,
CUNDINAMARCA;PUERTO SALGAR;2025-S1;23100;0.0;17.4;0.007025974025974027;0.2057939998437428,
CALDAS;PENSILVANIA;2025-S1;9086;0.0;10.5;0.036946951353731015;0.30120778859967134,
BOYACÁ;PAIPA;2025-S1;8473;0.0;6.7;0.006809866635194147;0.1588352726876431,
ANTIOQUIA;VENECIA;2025-S1;5822;0.0;29.5;0.16824115424252833;1.4805593429332686,
BOLIVAR;SAN PABLO;2025-S1;8802;0.0;12.0;0.011906384912519882;0.2771271884283546,
ARAUCA;SARAVENA;2025-S1;17804;0.0;7.4;0.010997528645248259;0.19287812388394668,
BOYACÁ;CHITA;2025-S1;9088;0.0;1.1;0.0021346830985915495;0.03359955395803436,
ANTIOQUIA;FREDONIA;2025-S1;25586;0.0;12.2;0.029320722269991398;0.3430304196939017,
VALLE DEL CAUCA;FLORIDA;2025-S1;12269;0.0;10.1;0.005501670877822154;0.11548604323995317,
CUNDINAMARCA;CHOACHÍ;2025-S1;7526;0.0;0.7;0.0032952431570555415;0.029476671263865765,
ANTIOQUIA;ENTRERRIOS;2025-S1;9080;0.0;0.0;0.0;0.0,
BOYACÁ;SOGAMOSO;2025-S1;76960;0.0;13.9;0.0015696465696465696;0.07500658431614811,
SANTANDER;CURITÍ;2025-S1;1500;0.0;20.4;0.07053333333333334;1.0475924854474343,
CASANARE;NUNCHÍA;2025-S1;8438;0.0;6.1;0.22470964683574307;0.593269312188794,
ANTIOQUIA;TITIRIBÍ;2025-S1;8756;0.0;2.7;0.006566925536774783;0.0699289039146164,
ANTIOQUIA;NECHÍ;2025-S1;26752;0.0;16.4;0.04683388157894737;0.5374951572474966,
CUNDINAMARCA;SILVANIA;2025-S1;9082;0.0;8.0;0.009116934595903986;0.1640948308553019,
SANTANDER;BUCARAMANGA;2025-S1;9082;0.0;0.4;0.0003303237172428981;0.008518808283815179,
CORDOBA;AYAPEL;2025-S1;35958;0.0;23.5;0.018935980866566553;0.459872272074079,
CAUCA;LA SIERRA;2025-S1;9037;0.0;16.5;0.06108221755007193;0.5364577529980342,
ANTIOQUIA;SANTA BÁRBARA;2025-S1;9066;0.0;17.8;0.014537833664240015;0.28201151109635536,
CUNDINAMARCA;QUEBRADANEGRA;2025-S1;7546;0.0;0.0;0.0;0.0,
SANTANDER;SABANA DE TORRES;2025-S1;17666;0.0;5.9;0.012238197667836523;0.19584620861257537,
TOLIMA;ATACO;2025-S1;10088;0.0;13.6;0.04430015860428231;0.41439262907058416,
HUILA;PALERMO;2025-S1;18134;0.0;12.2;0.015832138524318955;0.22319140729910766,
ANTIOQUIA;SANTA FE DE ANTIOQUIA;2025-S1;9974;0.0;2.7;0.008171245237617806;0.1028053524415832,
BOLIVAR;EL CARMÉN DE BOLÍVAR;2025-S1;18127;0.0;17.3;0.004611904893253158;0.2107314076749726,
HUILA;BARAYA;2025-S1;8936;0.0;9.5;0.02029991047448523;0.2952671997039848,
CUNDINAMARCA;MOSQUERA;2025-S1;9082;0.0;2.5;0.004943844968068707;0.07199397171668591,
BOYACÁ;OTANCHE;2025-S1;8842;0.0;8.4;0.045125537208776295;0.42311544961985564,
NORTE DE SANTANDER;GRAMALOTE;2025-S1;9086;0.0;1.4;0.0016288795949812899;0.03594145025064164,
VALLE DEL CAUCA;BUGALAGRANDE;2025-S1;9057;0.0;3.8;0.010864524677045378;0.1410973098117264,
ANTIOQUIA;YOLOMBÓ;2025-S1;9014;0.0;0.0;0.0;0.0,
CUNDINAMARCA;MEDINA;2025-S1;14449;0.0;29.0;0.09896878676725032;1.041952052874905,
BOYACÁ;SANTA MARÍA;2025-S1;9082;0.0;2.0;0.0042942083241576745;0.05585676881979857,
PUTUMAYO;SANTIAGO;2025-S1;9082;0.0;6.4;0.0404976877339793;0.24549793893045108,
CALDAS;BELALCAZAR;2025-S1;8454;0.0;0.2;4.731488052992666e-05;0.003076013105402062,
LA GUAJIRA;URUMITA;2025-S1;9880;0.0;25.7;0.01180161943319838;0.5022959666356078,
MAGDALENA;ARACATACA;2025-S1;18803;0.0;11.4;0.005896931340743498;0.14221068063278777,
META;PUERTO LÓPEZ;2025-S1;7978;0.0;13.9;0.029042366507896714;0.42499930073611925,
LA GUAJIRA;RIOHACHA;2025-S1;65439;0.0;4.5;0.0011537462369534987;0.0516340897320416,
CUNDINAMARCA;BOJACÁ;2025-S1;7280;0.0;2.1;0.0037637362637362635;0.05640324662422556,
CESAR;AGUSTÍN CODAZZI;2025-S1;8930;0.0;10.9;0.005643896976483763;0.18778809504505975,
BOYACÁ;CHINAVITA;2025-S1;9080;0.0;0.0;0.0;0.0,
ANTIOQUIA;LIBORINA;2025-S1;8850;0.0;4.2;0.008203389830508476;0.134937793622179,
ATLANTICO;BARRANQUILLA;2025-S1;28876;0.0;0.2;0.00018008034353788615;0.004630273363274886,
ANTIOQUIA;REMEDIOS;2025-S1;8856;0.0;14.6;0.04257000903342366;0.5209871083735239,
SANTANDER;CHARALÁ;2025-S1;1489;0.0;15.9;0.06816655473472129;0.6844230237701564,
CESAR;PAILITAS;2025-S1;9714;0.0;0.0;0.0;0.0,
CUNDINAMARCA;NEMOCÓN;2025-S1;9070;0.0;6.2;0.002579933847850055;0.09617197855650556,
ATLANTICO;JUAN DE ACOSTA;2025-S1;9604;0.0;3.0;0.045980841316118286;0.1955867502393425,
NARIÑO;IPIALES;2025-S1;8844;0.0;5.48;0.018033695160560834;0.1488046175314139,
CUNDINAMARCA;CARMEN DE CARUPA;2025-S1;9088;0.0;10.8;0.009132922535211268;0.20565408497377358,
SUCRE;SAN PEDRO;2025-S1;9088;0.0;3.3;0.005028609154929578;0.06355122223571046,
SANTANDER;LEBRIJA;2025-S1;73540;0.0;23.0;0.008048680989937449;0.35393647179122584,
HUILA;ELÍAS;2025-S1;8808;0.0;8.4;0.01775658492279746;0.21316468128289318,
BOYACÁ;MACANAL;2025-S1;866;0.0;0.1;0.0002309468822170901;0.004802914652602212,
ANTIOQUIA;MEDELLÍN;2025-S1;67556;0.0;9.4;0.005968381786961928;0.10627235372621013,
SANTANDER;PALMAR;2025-S1;1484;0.0;3.1;0.019272237196765497;0.18256583995329095,
CUNDINAMARCA;UNE;2025-S1;9088;0.0;2.2;0.002816901408450704;0.05495968021383459,
ANTIOQUIA;SEGOVIA;2025-S1;8894;0.0;11.3;0.04804362491567348;0.4581828396724212,
SANTANDER;CONFINES;2025-S1;1488;0.0;21.9;0.10611559139784947;1.103559792343817,
NARIÑO;PASTO;2025-S1;37320;0.0;6.3;0.02472132904608789;0.146814482931916,
SANTANDER;GIRÓN;2025-S1;18976;0.0;0.4;0.0007272344013490726;0.012169129099655332,
BOYACÁ;TUTA;2025-S1;10564;0.0;5.1;0.007127981825066264;0.12212160245855984,
NORTE DE SANTANDER;CÁCHIRA;2025-S1;9088;0.0;1.4;0.0028169014084507044;0.038583775734967775,
SUCRE;SAMPUÉS;2025-S1;9702;0.0;26.7;0.05809111523397238;1.1271801012559475,
CUNDINAMARCA;GUASCA;2025-S1;11182;0.0;0.4;0.0032910033983187263;0.022852034077779245,
HUILA;COLOMBIA;2025-S1;6212;0.0;0.6;0.0019317450096587253;0.0247896286758464,
CAQUETA;FLORENCIA;2025-S1;26868;0.0;8.3;0.011087539079946406;0.14459235757179054,
BOYACÁ;ZETAQUIRÁ;2025-S1;9084;0.0;0.6;0.002069572875385293;0.022894893678501803,
BOLIVAR;SANTA CATALINA;2025-S1;9924;0.0;0.4;0.00024183796856106407;0.008975649754143996,
QUINDÍO;ARMENIA;2025-S1;56793;0.0;21.6;0.009035638194847956;0.2829344713111851,
ATLANTICO;SABANALARGA;2025-S1;8432;0.0;8.5;0.009962049335863378;0.24740215603840754,
TOLIMA;CAJAMARCA;2025-S1;9082;0.0;3.5;0.007674521030609998;0.102761713757391,
META;ACACÍAS;2025-S1;8063;0.0;0.9;0.0008185538881309687;0.02009218874749929,
NORTE DE SANTANDER;CÚCUTA;2025-S1;76543;0.0;24.5;0.008618815567720105;0.2533630550676177,
MAGDALENA;PIVIJAI;2025-S1;9084;0.0;0.1;0.001067811536767944;0.010278743250997271,
BOYACÁ;CUÍTIVA;2025-S1;17714;0.0;13.5;0.005165405893643446;0.16008546617891778,
VALLE DEL CAUCA;PALMIRA;2025-S1;60078;0.0;23.3;0.006839425413628949;0.3647941909762425,
CHOCO;CÉRTEGUI;2025-S1;8212;0.0;28.907;0.14459668777398926;1.7298093491452866,
ATLANTICO;SUAN;2025-S1;9786;0.0;8.1;0.010504802779480892;0.23874568032685684,
HUILA;ALGECIRAS;2025-S1;8457;0.0;5.0;0.012179259784793662;0.139597312576536,
SANTANDER;FLORIDABLANCA;2025-S1;3164;0.0;2.6;0.004993678887484198;0.10164797615836066,
BOLIVAR;SAN JACINTO DEL CAUCA;2025-S1;9014;0.0;15.3;0.050987353006434435;0.5531995647241499,
HUILA;ISNOS;2025-S1;9084;0.0;3.0;0.01279172170849846;0.110881886179646,
BOYACÁ;ARCABUCO;2025-S1;1472;0.0;18.5;0.14055706521739134;1.1655748569916924,
NORTE DE SANTANDER;ARBOLEDAS;2025-S1;7610;0.0;2.4;0.0019185282522996058;0.05257464948902903,
HUILA;LA ARGENTINA;2025-S1;10138;0.0;6.5;0.017311106727165123;0.18388030384140974,
RISARALDA;SANTA ROSA DE CABAL;2025-S1;9082;0.0;6.2;0.01720986566835499;0.22128258788661825,
CUNDINAMARCA;CABRERA;2025-S1;16809;0.0;3.8;0.007507882681896602;0.09416347585956976,
CESAR;GAMARRA;2025-S1;9088;0.0;0.0;0.0;0.0,
BOLIVAR;ARJONA;2025-S1;9084;0.0;4.6;0.0049317481285777185;0.11903454779906558,
CUNDINAMARCA;CHÍA;2025-S1;18176;0.0;5.6;0.0031249999999999997;0.09192500382035763,
SANTANDER;CIMITARRA;2025-S1;17798;0.0;12.8;0.014012810428137993;0.2860944641675747,
CHOCO;EL CARMEN;2025-S1;9084;0.0;0.8;0.004601497137824747;0.03602459406098141,
META;LEJANÍAS;2025-S1;9084;0.0;6.0;0.029370321444297666;0.26747912821257347,
VALLE DEL CAUCA;CARTAGO;2025-S1;3131;0.0;1.9;0.0037048866176940276;0.06429023476405644,
HUILA;CAMPOALEGRE;2025-S1;15894;0.0;24.8;0.02105826097898578;0.4460317281610025,
SANTANDER;SAN VICENTE DE CHUCURÍ;2025-S1;9614;0.0;9.4;0.015997503640524238;0.27563787627428976,
ANTIOQUIA;SANTA ROSA DE OSOS;2025-S1;9082;0.0;0.4;0.0020920502092050207;0.016725206232312686,
CUNDINAMARCA;CÁQUEZA;2025-S1;9524;0.0;0.0;0.0;0.0,
CUNDINAMARCA;SIMIJACA;2025-S1;1459;0.0;26.7;0.07799862919808087;1.039746380122356,
CASANARE;TRINIDAD;2025-S1;9088;0.0;11.2;0.05884683098591549;0.3303556971326673,
CUNDINAMARCA;GUAYABETAL;2025-S1;59226;0.0;0.0;0.0;0.0,
HUILA;SAN AGUSTÍN;2025-S1;8169;0.0;16.8;0.057191822744521975;0.8385718016688161,
CESAR;CURUMANÍ;2025-S1;9086;0.0;0.5;0.0004732555580013208;0.009886338094241935,
CUNDINAMARCA;ANAPOIMA;2025-S1;9084;0.0;6.2;0.006913254073095552;0.16655442764806416,
BOYACÁ;CORRALES;2025-S1;1476;0.0;4.4;0.01619241192411924;0.17778867927394953,
NORTE DE SANTANDER;TOLEDO;2025-S1;9088;0.0;1.6;0.006161971830985916;0.0634773572600621,
TOLIMA;ALPUJARRA;2025-S1;9062;0.0;7.7;0.013970425954535423;0.19945055973340023,
HUILA;SANTA MARÍA;2025-S1;19232;0.0;7.0;0.01781405990016639;0.1661827534961912,
SANTANDER;SIMACOTA;2025-S1;8852;0.0;7.8;0.01940804338002711;0.25150899195981286,
META;RESTREPO;2025-S1;9084;0.0;16.1;0.06030383091149273;0.6506143880658027,
HUILA;TERUEL;2025-S1;8684;0.0;12.6;0.07710732381391064;0.5884144751849558,
HUILA;PITALITO;2025-S1;9084;0.0;5.0;0.01734918538088948;0.15699260215481864,
ANTIOQUIA;SONSÓN;2025-S1;16793;0.0;8.8;0.0231167748466623;0.24186453996701696,
HUILA;LA PLATA;2025-S1;17824;0.0;9.8;0.031160233393177743;0.2816672740229802,
CASANARE;TÁMARA;2025-S1;7483;0.0;5.0;0.2082720833890151;0.47382685614770614,
ANTIOQUIA;SAN CARLOS;2025-S1;8820;0.0;20.7;0.06640589569160998;0.6586395888876205,
CUNDINAMARCA;GUTIÉRREZ;2025-S1;8990;0.0;2.6;0.01268075639599555;0.09636535965839102,
CORDOBA;CHINÚ;2025-S1;8930;0.0;11.1;0.06044792833146696;0.27165537191326666,
NARIÑO;CUMBITARA;2025-S1;9084;0.0;2.6;0.014916336415675914;0.09211380958157658,
TOLIMA;FRESNO;2025-S1;9088;0.0;1.7;0.00742737676056338;0.0676839834070443,
CUNDINAMARCA;GUADUAS;2025-S1;8790;0.0;8.7;0.009647326507394765;0.1876739627505069,
CUNDINAMARCA;SUESCA;2025-S1;9082;0.0;0.6;0.002752697643690817;0.029738763777555702,
CUNDINAMARCA;FACATATIVÁ;2025-S1;9082;0.0;1.2;0.004073992512662409;0.04791577407080785,
CORDOBA;PUERTO LIBERTADOR;2025-S1;17862;0.0;4.4;0.008162579778300302;0.12230863803342597,
VALLE DEL CAUCA;BUENAVENTURA;2025-S1;9086;0.0;1.3;0.006889720449042483;0.04966448076251287,
ATLANTICO;SABANAGRANDE;2025-S1;9889;0.0;1.71;0.0018768328445747803;0.05431982887399546,
BOYACÁ;RAMIRIQUÍ;2025-S1;8722;0.0;1.5;0.0037147443246961704;0.04788814017088647,
CORDOBA;PUEBLO NUEVO;2025-S1;9088;0.0;0.7;0.0010123239436619718;0.0170792552408363,
SANTANDER;TONA;2025-S1;17266;0.0;4.6;0.002397775975906406;0.0726163773601328,
ANTIOQUIA;VALDIVIA;2025-S1;17890;0.0;10.4;0.017124650642817218;0.24632066857329793,
NARIÑO;ALDANA;2025-S1;49784;0.0;12.7;0.012566467138036318;0.20636456091609795,
ANTIOQUIA;ANGOSTURA;2025-S1;18174;0.0;4.4;0.006030593155056675;0.09960551889964744,
CORDOBA;PLANETA RICA;2025-S1;9084;0.0;0.6;0.0004953764861294584;0.010214967904239522,
MAGDALENA;EL BANCO;2025-S1;18621;0.0;9.5;0.04584071746952366;0.2635817044238513,
CUNDINAMARCA;JUNÍN;2025-S1;9906;0.0;0.0;0.0;0.0,
SANTANDER;BARRANCABERMEJA;2025-S1;26816;0.0;27.22;0.011361314140811455;0.31428821761286835,
ANTIOQUIA;BELLO;2025-S1;9082;0.0;0.0;0.0;0.0,
SANTANDER;VETAS;2025-S1;8474;0.0;0.2;0.00064904413500118;0.008868675204829838,
CAUCA;POPAYÁN;2025-S1;15038;0.0;0.1;0.00015959569091634527;0.003991886517233353,
TOLIMA;ARMERO;2025-S1;9014;0.0;4.4;0.007477257599289994;0.11904797882525113,
SANTANDER;LOS SANTOS;2025-S1;7700;0.0;0.4;0.0002077922077922078;0.00789319808313949,
ANTIOQUIA;PUERTO BERRÍO;2025-S1;9592;0.0;0.0;0.0;0.0,
BOYACÁ;TUNJA;2025-S1;9084;0.0;1.6;0.0019374724790841042;0.041290826395461486,
CORDOBA;LORICA;2025-S1;9038;0.0;13.4;0.02159769860588626;0.3828780039666011,
ARAUCA;TAME;2025-S1;9086;0.0;0.2;8.804754567466433e-05;0.004195675656818795,
CUNDINAMARCA;ZIPAQUIRÁ;2025-S1;9072;0.0;1.2;0.002248677248677249;0.03922145962856154,
NORTE DE SANTANDER;SARDINATA;2025-S1;1694;0.0;0.2;0.0028335301062573795;0.023643331423163844,
SANTANDER;CHIMA;2025-S1;1489;0.0;19.0;0.09583613163196777;0.9619278721367979,
BOLIVAR;MAGANGUÉ;2025-S1;18836;0.0;7.8;0.04146846464217455;0.20635239384832385,
BOYACÁ;CHISCAS;2025-S1;27844;0.0;2.31;0.004082746731791409;0.057742887377467106,
ANTIOQUIA;ABRIAQUÍ;2025-S1;9084;0.0;0.6;0.003280493174812858;0.027725715963818284,
CASANARE;AGUAZUL;2025-S1;1431;0.0;0.0;0.0;0.0,
SANTANDER;GUADALUPE;2025-S1;1494;0.0;16.2;0.1294511378848728;1.0031444700632757,
NARIÑO;IMUÉS;2025-S1;1180;0.0;3.5;0.10711864406779661;0.3091208955506146,
ANTIOQUIA;VIGIA DEL FUERTE;2025-S1;9074;0.0;0.0;0.0;0.0,
TOLIMA;RONCESVALLES;2025-S1;18963;0.0;5.0;0.011116384538311447;0.12347512389049214,
CUNDINAMARCA;VILLETA;2025-S1;17680;0.0;20.0;0.01652714932126697;0.3680668466863533,
BOYACÁ;LA CAPILLA;2025-S1;9080;0.0;0.8;0.0012995594713656388;0.019814830654065908,
ANTIOQUIA;URAMITA;2025-S1;8898;0.0;1.9;0.004472915261856596;0.0567783481788176,
CAUCA;PATÍA;2025-S1;17471;0.0;6.6;0.01588918779692061;0.17569376123563712,
ANTIOQUIA;CAUCASIA;2025-S1;26425;0.0;15.4;0.024893093661305585;0.3894958063430919,
TOLIMA;IBAGUÉ;2025-S1;27358;0.0;6.0;0.005898823013378171;0.12172939113675113,
TOLIMA;MELGAR;2025-S1;9088;0.0;0.4;4.4014084507042256e-05;0.004195906791483446,
NARIÑO;TÚQUERRES;2025-S1;3961;0.0;7.1;0.023832365564251452;0.24216522486522277,
NARIÑO;TANGUA;2025-S1;17956;0.0;13.7;0.0373746936957006;0.29033324202782745,
SANTANDER;ENCINO;2025-S1;1480;0.0;14.7;0.13229729729729728;0.9734876932126588,
SANTANDER;ZAPATOCA;2025-S1;1480;0.0;2.9;0.01472972972972973;0.13526047765956983,
CUNDINAMARCA;LA CALERA;2025-S1;9080;0.0;0.4;0.00472466960352423;0.026063272232969923,
ANTIOQUIA;FRONTINO;2025-S1;11494;0.0;6.4;0.011336349399686795;0.1483318518203054,
TOLIMA;PLANADAS;2025-S1;13417;0.0;6.0;0.011515241857345159;0.13722994707083802,
TOLIMA;CHAPARRAL;2025-S1;9110;0.0;7.2;0.022327113062568606;0.2283215124629344,
LA GUAJIRA;MAICAO;2025-S1;9490;0.0;24.2;0.010115911485774499;0.49266822553394995,
BOYACÁ;TIBASOSA;2025-S1;9076;0.0;6.4;0.0046496253856324376;0.10969719695710245,
QUINDÍO;CALARCÁ;2025-S1;9084;0.0;10.5;0.03251871422280933;0.3095055369446264,
CASANARE;OROCUÉ;2025-S1;8083;0.0;7.4;0.01974514412965483;0.22006744455517424,
CAQUETA;SOLANO;2025-S1;8316;0.0;2.8;0.008826358826358825;0.085687868074043,
ANTIOQUIA;CÁCERES;2025-S1;9088;0.0;4.2;0.005193661971830986;0.0940597619587395,
CHOCO;LLORÓ;2025-S1;4818;0.0;9.1;0.10523038605230386;0.5437298421303179,
TOLIMA;VENADILLO;2025-S1;9084;0.0;11.6;0.013254073095552621;0.28940028983238664,
NORTE DE SANTANDER;PAMPLONA;2025-S1;9084;0.0;0.9;0.0031924262439453985;0.03443032819487017,
ANTIOQUIA;AMALFI;2025-S1;8858;0.0;5.1;0.011661774666967712;0.14110378707207444,
NORTE DE SANTANDER;DURANIA;2025-S1;9088;0.0;0.0;0.0;0.0,
RISARALDA;PEREIRA;2025-S1;55798;0.0;23.2;0.0015054303021613679;0.1439294736526466,
HUILA;SALADOBLANCO;2025-S1;8686;0.0;2.8;0.015749481924936682;0.12543325990802265,
CUNDINAMARCA;SAN FRANCISCO;2025-S1;8966;0.0;3.4;0.008119562792772697;0.11633408428578904,
TOLIMA;MARIQUITA;2025-S1;19098;0.0;12.4;0.029034453869515132;0.3991750929703005,
META;VISTAHERMOSA;2025-S1;9082;0.0;1.8;0.0035454745650737728;0.04227043327998729,
TOLIMA;ESPINAL;2025-S1;9084;0.0;15.8;0.009852487890797006;0.2795043272987497,
GUAINÍA;INÍRIDA;2025-S1;8530;0.0;13.9;0.026776084407971867;0.31725393255751055,
TOLIMA;SALDAÑA;2025-S1;9014;0.0;10.2;0.013556689593964942;0.22586627559582131,
CASANARE;TAURAMENA;2025-S1;8744;0.0;0.5;0.0023604757548032936;0.01856927571916579,
ATLANTICO;SOLEDAD;2025-S1;59103;0.0;7.8;0.0004240055496336903;0.04708359931768784,
SANTANDER;SOCORRO;2025-S1;9086;0.0;6.2;0.006999779881135814;0.12864597506893682,
HUILA;AIPE;2025-S1;9038;0.0;7.3;0.020690418234122595;0.25003947719520103,
ANTIOQUIA;ARGELIA;2025-S1;9084;0.0;16.3;0.09038969616908851;0.662550314083069,
META;VILLAVICENCIO;2025-S1;9084;0.0;12.6;0.04284456186701893;0.4945552825562355,
SANTANDER;EL CARMEN;2025-S1;1488;0.0;14.5;0.10040322580645161;0.7979545800432808,
ARCHIPIELAGO DE SAN ANDRES PROVIDENCIA Y SANTA CATALINA;SAN ANDRES Y  PROVIDENCIA;2025-S1;20084;0.0;10.6;0.03845349531965744;0.3356324245538889,
SUCRE;MAJAGUAL;2025-S1;9038;0.0;0.1;0.0002876742642177473;0.005356103441477139,
ANTIOQUIA;CALDAS;2025-S1;8768;0.0;4.8;0.022331204379562045;0.202591725190349,
HUILA;NEIVA;2025-S1;9050;0.0;0.0;0.0;0.0,
VAUPES;MITÚ;2025-S1;8596;0.0;15.2;0.04804560260586319;0.4504379829814146,
SANTANDER;MOGOTES;2025-S1;10554;0.0;20.1;0.026805002842524166;0.4168222872754179,
CUNDINAMARCA;SAN CAYETANO;2025-S1;8880;0.0;0.2;0.00625;0.024485067426109595,
CAUCA;CORINTO;2025-S1;9078;0.0;7.7;0.02098479841374752;0.2212846196192731,
ATLANTICO;MANATÍ;2025-S1;9084;0.0;1.2;0.0012769704975781595;0.027652049088764702,
ANTIOQUIA;DABEIBA;2025-S1;17416;0.0;1.8;0.07571198897565458;0.16762792070872715,
CORDOBA;SAHAGÚN;2025-S1;9084;0.0;14.2;0.00777190664905328;0.23611299266109306,
SANTANDER;PÁRAMO;2025-S1;8948;0.0;11.8;0.023558337058560575;0.3820368461863021,
QUINDÍO;SALENTO;2025-S1;9088;0.0;6.2;0.01897007042253521;0.18866572908230844,
MAGDALENA;SAN SEBASTIÁN DE BUENAVISTA;2025-S1;9050;0.0;12.7;0.00574585635359116;0.19497534363292626,
BOYACÁ;VILLA DE LEIVA;2025-S1;10984;0.0;8.8;0.01747997086671522;0.24502030337536507,
TOLIMA;RIOBLANCO;2025-S1;8870;0.0;11.0;0.03793686583990981;0.3797270183750834,
CORDOBA;MONTELÍBANO;2025-S1;9084;0.0;6.3;0.003963011889035667;0.11192142084867572,
CALDAS;MANZANARES;2025-S1;9084;0.0;8.0;0.03918978423601937;0.3077566073081858,
LA GUAJIRA;FONSECA;2025-S1;18030;0.0;15.6;0.007398779811425401;0.17645114017325825,
CUNDINAMARCA;CUCUNUBÁ;2025-S1;9086;0.0;2.6;0.006053268765133172;0.08581704196148984,
META;PUERTO GAITÁN;2025-S1;9052;0.0;7.2;0.018172779496243924;0.22674471848253636,
QUINDÍO;BUENAVISTA;2025-S1;8792;0.0;10.8;0.04353958143767061;0.30816682121364736,
CUNDINAMARCA;ANOLAIMA;2025-S1;10124;0.0;2.2;0.0033188463058079812;0.055167152145991084,
BOYACÁ;COVARACHÍA;2025-S1;1494;0.0;1.3;0.004149933065595716;0.05921042439465239,
TOLIMA;VALLE DE SAN JUAN;2025-S1;10022;0.0;25.9;0.044092995410097785;0.9163967406433079,
HUILA;GARZÓN;2025-S1;10040;0.0;3.5;0.011394422310756974;0.10842416791486857,
HUILA;ALTAMIRA;2025-S1;9050;0.0;4.3;0.015082872928176795;0.11500872647768418,
QUINDÍO;PIJAO;2025-S1;9072;0.0;3.6;0.0032186948853615525;0.08261118230800789,
NARIÑO;MALLAMA;2025-S1;8894;0.0;6.2;0.07618619293906004;0.3333780494198467,
BOYACÁ;CAMPOHERMOSO;2025-S1;8810;0.0;0.0;0.0;0.0,
MAGDALENA;ZONA BANANERA;2025-S1;8886;0.0;8.3;0.004163853252306999;0.10796419581464313,
VALLE DEL CAUCA;ZARZAL;2025-S1;9034;0.0;6.8;0.005268983838831082;0.1093387613151165,
TOLIMA;PIEDRAS;2025-S1;9808;0.0;0.2;0.0002854812398042415;0.007551196070915658,
MAGDALENA;PLATO;2025-S1;9252;0.0;16.5;0.03365758754863813;0.26673762354378905,
CASANARE;MANI;2025-S1;8696;0.0;0.4;0.002575896964121435;0.02596565145629105,
BOYACÁ;MONIQUIRÁ;2025-S1;9086;0.0;4.6;0.009443099273607748;0.12047867384358492,
SANTANDER;OIBA;2025-S1;1478;0.0;18.4;0.09803788903924221;0.9873212186588296,
SANTANDER;ONZAGA;2025-S1;1482;0.0;6.9;0.03576248313090419;0.3696126304015752,
SANTANDER;SAN BENITO;2025-S1;1472;0.0;0.0;0.0;0.0,
BOYACÁ;TASCO;2025-S1;1465;0.0;6.9;0.017474402730375427;0.23734738451447554,
RISARALDA;LA VIRGINIA;2025-S1;29604;0.0;1.778;0.0035864072422645593;0.05002134056969853,
BOYACÁ;SOCOTÁ;2025-S1;8018;0.0;2.3;0.09287852332252433;0.2090575213543882,
BOYACÁ;LABRANZAGRANDE;2025-S1;8444;0.0;2.9;0.014542870677404071;0.09194371252428522,
BOYACÁ;PISVA;2025-S1;1430;19.2;25.6;21.773426573426573;3.1391554370237578,
NARIÑO;BARBACOAS;2025-S1;5496;0.0;13.3;0.19042940320232896;0.8718044820301147,
ANTIOQUIA;SAN ROQUE;2025-S1;8794;0.0;13.6;0.015010234250625426;0.2590033845758737,
BOLIVAR;EL GUAMO;2025-S1;7754;0.0;0.5;0.000157338148052618;0.008059561965541676,
NORTE DE SANTANDER;OCAÑA;2025-S1;6462;0.0;0.2;0.00205818632002476;0.014628591360050121,
ATLANTICO;REPELÓN;2025-S1;3792;0.0;1.2;0.0015822784810126582;0.03948530082910938,
AMAZONAS;PUERTO NARIÑO;2025-S1;1972;0.0;3.0;0.0030425963488843813;0.09551522392782257,
VALLE DEL CAUCA;ARGELIA;2025-S1;3658;0.0;3.3;0.014078731547293603;0.1258332309173292,
VALLE DEL CAUCA;LA CUMBRE;2025-S1;7124;0.0;6.0;0.012970241437394723;0.1821153988221835,
BOYACÁ;PÁEZ;2025-S1;2604;0.0;0.0;0.0;0.0,
BOYACÁ;PAJARITO;2025-S1;2960;0.0;0.487;0.002604054054054054;0.026069498915224525,
ANTIOQUIA;GIRALDO;2025-S1;6106;0.0;4.6;0.19472649852603996;0.37354143168859727,
CORDOBA;CHIMA;2025-S1;2192;0.0;0.0;0.0;0.0,
BOYACÁ;MOTAVITA;2025-S1;4994;0.0;3.4;0.002883460152182619;0.07652381254356318,
CORDOBA;TIERRALTA;2025-S1;2154;0.0;2.8;0.0054317548746518115;0.09975922818453102,
CASANARE;HATO COROZAL;2025-S1;8;0.0;10.9;2.725;5.045719543760406,
ANTIOQUIA;VEGACHÍ;2025-S1;1160;0.0;0.0;0.0;0.0,
CHOCO;ATRATO;2025-S1;552;0.0;0.0;0.0;0.0,
